2024-08-26	ODIHAM	d	0	2024-08-26 00:30:00 UTC	SSW
2024-08-26	ODIHAM	d	1	2024-08-26 01:30:00 UTC	SSW
2024-08-26	ODIHAM	d	2	2024-08-26 02:30:00 UTC	SSW
2024-08-26	ODIHAM	d	3	2024-08-26 03:30:00 UTC	SSW
2024-08-26	ODIHAM	d	4	2024-08-26 04:30:00 UTC	SW
2024-08-26	ODIHAM	d	5	2024-08-26 05:30:00 UTC	SSW
2024-08-26	ODIHAM	d	6	2024-08-26 06:30:00 UTC	SSW
2024-08-26	ODIHAM	d	7	2024-08-26 07:30:00 UTC	SSW
2024-08-26	ODIHAM	d	8	2024-08-26 08:30:00 UTC	SW
2024-08-26	ODIHAM	d	9	2024-08-26 09:30:00 UTC	SW
2024-08-26	ODIHAM	d	10	2024-08-26 10:30:00 UTC	SW
2024-08-26	ODIHAM	d	11	2024-08-26 11:30:00 UTC	WSW
2024-08-26	ODIHAM	d	12	2024-08-26 12:30:00 UTC	SW
2024-08-26	ODIHAM	d	13	2024-08-26 13:30:00 UTC	SW
2024-08-26	ODIHAM	d	14	2024-08-26 14:30:00 UTC	SSW
2024-08-26	ODIHAM	d	15	2024-08-26 15:30:00 UTC	SSW
2024-08-26	ODIHAM	d	16	2024-08-26 16:30:00 UTC	SSW
2024-08-26	ODIHAM	d	17	2024-08-26 17:30:00 UTC	SSW
2024-08-26	ODIHAM	d	18	2024-08-26 18:30:00 UTC	SSW
2024-08-26	ODIHAM	d	19	2024-08-26 19:30:00 UTC	S
2024-08-26	ODIHAM	d	20	2024-08-26 20:30:00 UTC	S
2024-08-26	ODIHAM	d	21	2024-08-26 21:30:00 UTC	SSW
2024-08-26	ODIHAM	d	22	2024-08-26 22:30:00 UTC	SSW
2024-08-26	ODIHAM	d	23	2024-08-26 23:30:00 UTC	SSW
2024-08-27	ODIHAM	d	0	2024-08-27 00:30:00 UTC	SSW
2024-08-27	ODIHAM	d	1	2024-08-27 01:30:00 UTC	SSW
2024-08-27	ODIHAM	d	2	2024-08-27 02:30:00 UTC	S
2024-08-27	ODIHAM	d	3	2024-08-27 03:30:00 UTC	S
2024-08-27	ODIHAM	d	4	2024-08-27 04:30:00 UTC	S
2024-08-27	ODIHAM	d	5	2024-08-27 05:30:00 UTC	S
2024-08-27	ODIHAM	d	6	2024-08-27 06:30:00 UTC	SSE
2024-08-27	ODIHAM	d	7	2024-08-27 07:30:00 UTC	SSE
2024-08-27	ODIHAM	d	8	2024-08-27 08:30:00 UTC	SSE
2024-08-27	ODIHAM	d	9	2024-08-27 09:30:00 UTC	S
2024-08-27	ODIHAM	d	10	2024-08-27 10:30:00 UTC	S
2024-08-27	ODIHAM	d	11	2024-08-27 11:30:00 UTC	S
2024-08-27	ODIHAM	d	12	2024-08-27 12:30:00 UTC	S
2024-08-27	ODIHAM	d	13	2024-08-27 13:30:00 UTC	S
2024-08-27	ODIHAM	d	14	2024-08-27 14:30:00 UTC	S
2024-08-27	ODIHAM	d	15	2024-08-27 15:30:00 UTC	SSE
2024-08-27	ODIHAM	d	16	2024-08-27 16:30:00 UTC	S
2024-08-27	ODIHAM	d	17	2024-08-27 17:30:00 UTC	S
2024-08-27	ODIHAM	d	18	2024-08-27 18:30:00 UTC	S
2024-08-27	ODIHAM	d	19	2024-08-27 19:30:00 UTC	SSE
2024-08-27	ODIHAM	d	20	2024-08-27 20:30:00 UTC	SSE
2024-08-27	ODIHAM	d	21	2024-08-27 21:30:00 UTC	SE
2024-08-27	ODIHAM	d	22	2024-08-27 22:30:00 UTC	SSE
2024-08-27	ODIHAM	d	23	2024-08-27 23:30:00 UTC	E
2024-08-28	ODIHAM	d	0	2024-08-28 00:30:00 UTC	E
2024-08-28	ODIHAM	d	1	2024-08-28 01:30:00 UTC	E
2024-08-28	ODIHAM	d	2	2024-08-28 02:30:00 UTC	NNE
2024-08-28	ODIHAM	d	3	2024-08-28 03:30:00 UTC	E
2024-08-28	ODIHAM	d	4	2024-08-28 04:30:00 UTC	E
2024-08-28	ODIHAM	d	5	2024-08-28 05:30:00 UTC	E
2024-08-28	ODIHAM	d	6	2024-08-28 06:30:00 UTC	E
2024-08-28	ODIHAM	d	7	2024-08-28 07:30:00 UTC	E
2024-08-28	ODIHAM	d	8	2024-08-28 08:30:00 UTC	E
2024-08-28	ODIHAM	d	9	2024-08-28 09:30:00 UTC	SE
2024-08-28	ODIHAM	d	10	2024-08-28 10:30:00 UTC	SE
2024-08-28	ODIHAM	d	11	2024-08-28 11:30:00 UTC	SSE
2024-08-28	ODIHAM	d	12	2024-08-28 12:30:00 UTC	S
2024-08-28	ODIHAM	d	13	2024-08-28 13:30:00 UTC	SSE
2024-08-28	ODIHAM	d	14	2024-08-28 14:30:00 UTC	SSE
2024-08-28	ODIHAM	d	15	2024-08-28 15:30:00 UTC	SSE
2024-08-28	ODIHAM	d	16	2024-08-28 16:30:00 UTC	SSW
2024-08-28	ODIHAM	d	17	2024-08-28 17:30:00 UTC	S
2024-08-28	ODIHAM	d	18	2024-08-28 18:30:00 UTC	SSW
2024-08-28	ODIHAM	d	19	2024-08-28 19:30:00 UTC	SSW
2024-08-28	ODIHAM	d	20	2024-08-28 20:30:00 UTC	SW
2024-08-28	ODIHAM	d	21	2024-08-28 21:30:00 UTC	W
2024-08-28	ODIHAM	d	22	2024-08-28 22:30:00 UTC	W
2024-08-28	ODIHAM	d	23	2024-08-28 23:30:00 UTC	W
2024-08-29	ODIHAM	d	0	2024-08-29 00:30:00 UTC	W
2024-08-29	ODIHAM	d	1	2024-08-29 01:30:00 UTC	W
2024-08-29	ODIHAM	d	2	2024-08-29 02:30:00 UTC	WSW
2024-08-29	ODIHAM	d	3	2024-08-29 03:30:00 UTC	SW
2024-08-29	ODIHAM	d	4	2024-08-29 04:30:00 UTC	SSW
2024-08-29	ODIHAM	d	5	2024-08-29 05:30:00 UTC	SW
2024-08-29	ODIHAM	d	6	2024-08-29 06:30:00 UTC	SW
2024-08-29	ODIHAM	d	7	2024-08-29 07:30:00 UTC	SW
2024-08-29	ODIHAM	d	8	2024-08-29 08:30:00 UTC	WSW
2024-08-29	ODIHAM	d	9	2024-08-29 09:30:00 UTC	W
2024-08-29	ODIHAM	d	10	2024-08-29 10:30:00 UTC	WSW
2024-08-29	ODIHAM	d	11	2024-08-29 11:30:00 UTC	WSW
2024-08-29	ODIHAM	d	12	2024-08-29 12:30:00 UTC	W
2024-08-29	ODIHAM	d	13	2024-08-29 13:30:00 UTC	WSW
2024-08-29	ODIHAM	d	14	2024-08-29 14:30:00 UTC	W
2024-08-29	ODIHAM	d	15	2024-08-29 15:30:00 UTC	W
2024-08-29	ODIHAM	d	16	2024-08-29 16:30:00 UTC	SW
2024-08-29	ODIHAM	d	17	2024-08-29 17:30:00 UTC	W
2024-08-29	ODIHAM	d	18	2024-08-29 18:30:00 UTC	W
2024-08-29	ODIHAM	d	19	2024-08-29 19:30:00 UTC	WNW
2024-08-29	ODIHAM	d	20	2024-08-29 20:30:00 UTC	WSW
2024-08-29	ODIHAM	d	21	2024-08-29 21:30:00 UTC	WSW
2024-08-29	ODIHAM	d	22	2024-08-29 22:30:00 UTC	WSW
2024-08-29	ODIHAM	d	23	2024-08-29 23:30:00 UTC	W
2024-08-30	ODIHAM	d	0	2024-08-30 00:30:00 UTC	WSW
2024-08-30	ODIHAM	d	1	2024-08-30 01:30:00 UTC	N
2024-08-30	ODIHAM	d	2	2024-08-30 02:30:00 UTC	NW
2024-08-30	ODIHAM	d	3	2024-08-30 03:30:00 UTC	WNW
2024-08-30	ODIHAM	d	4	2024-08-30 04:30:00 UTC	WSW
2024-08-30	ODIHAM	d	5	2024-08-30 05:30:00 UTC	WNW
2024-08-30	ODIHAM	d	6	2024-08-30 06:30:00 UTC	W
2024-08-30	ODIHAM	d	7	2024-08-30 07:30:00 UTC	SW
2024-08-30	ODIHAM	d	8	2024-08-30 08:30:00 UTC	N
2024-08-30	ODIHAM	d	9	2024-08-30 09:30:00 UTC	NE
2024-08-30	ODIHAM	d	10	2024-08-30 10:30:00 UTC	NE
2024-08-30	ODIHAM	d	11	2024-08-30 11:30:00 UTC	ENE
2024-08-30	ODIHAM	d	12	2024-08-30 12:30:00 UTC	ENE
2024-08-30	ODIHAM	d	13	2024-08-30 13:30:00 UTC	NE
2024-08-30	ODIHAM	d	14	2024-08-30 14:30:00 UTC	NE
2024-08-30	ODIHAM	d	15	2024-08-30 15:30:00 UTC	N
2024-08-30	ODIHAM	d	16	2024-08-30 16:30:00 UTC	NNE
2024-08-30	ODIHAM	d	17	2024-08-30 17:30:00 UTC	E
2024-08-30	ODIHAM	d	18	2024-08-30 18:30:00 UTC	E
2024-08-30	ODIHAM	d	19	2024-08-30 19:30:00 UTC	E
2024-08-30	ODIHAM	d	20	2024-08-30 20:30:00 UTC	E
2024-08-30	ODIHAM	d	21	2024-08-30 21:30:00 UTC	ENE
2024-08-30	ODIHAM	d	22	2024-08-30 22:30:00 UTC	ENE
2024-08-30	ODIHAM	d	23	2024-08-30 23:30:00 UTC	NE
2024-08-31	ODIHAM	d	0	2024-08-31 00:30:00 UTC	NE
2024-08-31	ODIHAM	d	1	2024-08-31 01:30:00 UTC	N
2024-08-31	ODIHAM	d	2	2024-08-31 02:30:00 UTC	NNE
2024-08-31	ODIHAM	d	3	2024-08-31 03:30:00 UTC	N
2024-08-31	ODIHAM	d	4	2024-08-31 04:30:00 UTC	NNE
2024-08-31	ODIHAM	d	5	2024-08-31 05:30:00 UTC	NNE
2024-08-31	ODIHAM	d	6	2024-08-31 06:30:00 UTC	NNE
2024-08-31	ODIHAM	d	7	2024-08-31 07:30:00 UTC	NNE
2024-08-31	ODIHAM	d	8	2024-08-31 08:30:00 UTC	NNE
2024-08-31	ODIHAM	d	9	2024-08-31 09:30:00 UTC	NNE
2024-08-31	ODIHAM	d	10	2024-08-31 10:30:00 UTC	NNE
2024-08-31	ODIHAM	d	11	2024-08-31 11:30:00 UTC	NNE
2024-08-31	ODIHAM	d	12	2024-08-31 12:30:00 UTC	NE
2024-08-31	ODIHAM	d	13	2024-08-31 13:30:00 UTC	NE
2024-08-31	ODIHAM	d	14	2024-08-31 14:30:00 UTC	NE
2024-08-31	ODIHAM	d	15	2024-08-31 15:30:00 UTC	NE
2024-08-31	ODIHAM	d	16	2024-08-31 16:30:00 UTC	NE
2024-08-31	ODIHAM	d	17	2024-08-31 17:30:00 UTC	ENE
2024-08-31	ODIHAM	d	18	2024-08-31 18:30:00 UTC	NE
2024-08-31	ODIHAM	d	19	2024-08-31 19:30:00 UTC	ENE
2024-08-31	ODIHAM	d	20	2024-08-31 20:30:00 UTC	NE
2024-08-31	ODIHAM	d	21	2024-08-31 21:30:00 UTC	ENE
2024-08-31	ODIHAM	d	22	2024-08-31 22:30:00 UTC	ENE
2024-08-31	ODIHAM	d	23	2024-08-31 23:30:00 UTC	ENE
2024-09-01	ODIHAM	d	0	2024-09-01 00:30:00 UTC	ENE
2024-09-01	ODIHAM	d	1	2024-09-01 01:30:00 UTC	ENE
2024-09-01	ODIHAM	d	2	2024-09-01 02:30:00 UTC	NE
2024-09-01	ODIHAM	d	3	2024-09-01 03:30:00 UTC	NNE
2024-09-01	ODIHAM	d	4	2024-09-01 04:30:00 UTC	NNE
2024-09-01	ODIHAM	d	5	2024-09-01 05:30:00 UTC	N
2024-09-01	ODIHAM	d	6	2024-09-01 06:30:00 UTC	N
2024-09-01	ODIHAM	d	7	2024-09-01 07:30:00 UTC	NNE
2024-09-01	ODIHAM	d	8	2024-09-01 08:30:00 UTC	NNE
2024-09-01	ODIHAM	d	9	2024-09-01 09:30:00 UTC	NNE
2024-09-01	ODIHAM	d	10	2024-09-01 10:30:00 UTC	NE
2024-09-01	ODIHAM	d	11	2024-09-01 11:30:00 UTC	NE
2024-09-01	ODIHAM	d	12	2024-09-01 12:30:00 UTC	ENE
2024-09-01	ODIHAM	d	13	2024-09-01 13:30:00 UTC	NE
2024-09-01	ODIHAM	d	14	2024-09-01 14:30:00 UTC	NNE
2024-09-01	ODIHAM	d	15	2024-09-01 15:30:00 UTC	ENE
2024-09-01	ODIHAM	d	16	2024-09-01 16:30:00 UTC	E
2024-09-01	ODIHAM	d	17	2024-09-01 17:30:00 UTC	S
2024-09-01	ODIHAM	d	18	2024-09-01 18:30:00 UTC	S
2024-09-01	ODIHAM	d	19	2024-09-01 19:30:00 UTC	SE
2024-09-01	ODIHAM	d	20	2024-09-01 20:30:00 UTC	ESE
2024-09-01	ODIHAM	d	21	2024-09-01 21:30:00 UTC	ESE
2024-09-01	ODIHAM	d	22	2024-09-01 22:30:00 UTC	SW
2024-09-01	ODIHAM	d	23	2024-09-01 23:30:00 UTC	SSE
2024-09-02	ODIHAM	d	0	2024-09-02 00:30:00 UTC	SE
2024-09-02	ODIHAM	d	1	2024-09-02 01:30:00 UTC	S
2024-09-02	ODIHAM	d	2	2024-09-02 02:30:00 UTC	E
2024-09-02	ODIHAM	d	3	2024-09-02 03:30:00 UTC	SE
2024-09-02	ODIHAM	d	4	2024-09-02 04:30:00 UTC	SE
2024-09-02	ODIHAM	d	5	2024-09-02 05:30:00 UTC	SSE
2024-09-02	ODIHAM	d	6	2024-09-02 06:30:00 UTC	S
2024-09-02	ODIHAM	d	7	2024-09-02 07:30:00 UTC	S
2024-09-02	ODIHAM	d	8	2024-09-02 08:30:00 UTC	S
2024-09-02	ODIHAM	d	9	2024-09-02 09:30:00 UTC	SSW
2024-09-02	ODIHAM	d	10	2024-09-02 10:30:00 UTC	SSW
2024-09-02	ODIHAM	d	11	2024-09-02 11:30:00 UTC	S
2024-09-02	ODIHAM	d	12	2024-09-02 12:30:00 UTC	SSW
2024-09-02	ODIHAM	d	13	2024-09-02 13:30:00 UTC	SSW
2024-09-02	ODIHAM	d	14	2024-09-02 14:30:00 UTC	SSW
2024-09-02	ODIHAM	d	15	2024-09-02 15:30:00 UTC	S
2024-09-02	ODIHAM	d	16	2024-09-02 16:30:00 UTC	S
2024-09-02	ODIHAM	d	17	2024-09-02 17:30:00 UTC	S
2024-08-26	ODIHAM	dp	0	2024-08-26 00:30:00 UTC	12.6
2024-08-26	ODIHAM	dp	1	2024-08-26 01:30:00 UTC	12.8
2024-08-26	ODIHAM	dp	2	2024-08-26 02:30:00 UTC	13.0
2024-08-26	ODIHAM	dp	3	2024-08-26 03:30:00 UTC	13.1
2024-08-26	ODIHAM	dp	4	2024-08-26 04:30:00 UTC	13.3
2024-08-26	ODIHAM	dp	5	2024-08-26 05:30:00 UTC	12.4
2024-08-26	ODIHAM	dp	6	2024-08-26 06:30:00 UTC	12.4
2024-08-26	ODIHAM	dp	7	2024-08-26 07:30:00 UTC	13.4
2024-08-26	ODIHAM	dp	8	2024-08-26 08:30:00 UTC	13.6
2024-08-26	ODIHAM	dp	9	2024-08-26 09:30:00 UTC	13.0
2024-08-26	ODIHAM	dp	10	2024-08-26 10:30:00 UTC	10.9
2024-08-26	ODIHAM	dp	11	2024-08-26 11:30:00 UTC	10.0
2024-08-26	ODIHAM	dp	12	2024-08-26 12:30:00 UTC	9.5
2024-08-26	ODIHAM	dp	13	2024-08-26 13:30:00 UTC	10.6
2024-08-26	ODIHAM	dp	14	2024-08-26 14:30:00 UTC	10.3
2024-08-26	ODIHAM	dp	15	2024-08-26 15:30:00 UTC	11.3
2024-08-26	ODIHAM	dp	16	2024-08-26 16:30:00 UTC	11.8
2024-08-26	ODIHAM	dp	17	2024-08-26 17:30:00 UTC	11.4
2024-08-26	ODIHAM	dp	18	2024-08-26 18:30:00 UTC	12.2
2024-08-26	ODIHAM	dp	19	2024-08-26 19:30:00 UTC	12.5
2024-08-26	ODIHAM	dp	20	2024-08-26 20:30:00 UTC	12.6
2024-08-26	ODIHAM	dp	21	2024-08-26 21:30:00 UTC	12.4
2024-08-26	ODIHAM	dp	22	2024-08-26 22:30:00 UTC	13.2
2024-08-26	ODIHAM	dp	23	2024-08-26 23:30:00 UTC	14.1
2024-08-27	ODIHAM	dp	0	2024-08-27 00:30:00 UTC	14.6
2024-08-27	ODIHAM	dp	1	2024-08-27 01:30:00 UTC	14.1
2024-08-27	ODIHAM	dp	2	2024-08-27 02:30:00 UTC	14.0
2024-08-27	ODIHAM	dp	3	2024-08-27 03:30:00 UTC	14.0
2024-08-27	ODIHAM	dp	4	2024-08-27 04:30:00 UTC	14.1
2024-08-27	ODIHAM	dp	5	2024-08-27 05:30:00 UTC	14.4
2024-08-27	ODIHAM	dp	6	2024-08-27 06:30:00 UTC	14.6
2024-08-27	ODIHAM	dp	7	2024-08-27 07:30:00 UTC	15.4
2024-08-27	ODIHAM	dp	8	2024-08-27 08:30:00 UTC	15.1
2024-08-27	ODIHAM	dp	9	2024-08-27 09:30:00 UTC	14.6
2024-08-27	ODIHAM	dp	10	2024-08-27 10:30:00 UTC	13.6
2024-08-27	ODIHAM	dp	11	2024-08-27 11:30:00 UTC	12.2
2024-08-27	ODIHAM	dp	12	2024-08-27 12:30:00 UTC	12.3
2024-08-27	ODIHAM	dp	13	2024-08-27 13:30:00 UTC	12.2
2024-08-27	ODIHAM	dp	14	2024-08-27 14:30:00 UTC	12.6
2024-08-27	ODIHAM	dp	15	2024-08-27 15:30:00 UTC	11.0
2024-08-27	ODIHAM	dp	16	2024-08-27 16:30:00 UTC	10.3
2024-08-27	ODIHAM	dp	17	2024-08-27 17:30:00 UTC	10.4
2024-08-27	ODIHAM	dp	18	2024-08-27 18:30:00 UTC	12.0
2024-08-27	ODIHAM	dp	19	2024-08-27 19:30:00 UTC	11.9
2024-08-27	ODIHAM	dp	20	2024-08-27 20:30:00 UTC	10.7
2024-08-27	ODIHAM	dp	21	2024-08-27 21:30:00 UTC	11.8
2024-08-27	ODIHAM	dp	22	2024-08-27 22:30:00 UTC	12.0
2024-08-27	ODIHAM	dp	23	2024-08-27 23:30:00 UTC	11.5
2024-08-28	ODIHAM	dp	0	2024-08-28 00:30:00 UTC	11.6
2024-08-28	ODIHAM	dp	1	2024-08-28 01:30:00 UTC	10.9
2024-08-28	ODIHAM	dp	2	2024-08-28 02:30:00 UTC	11.2
2024-08-28	ODIHAM	dp	3	2024-08-28 03:30:00 UTC	11.9
2024-08-28	ODIHAM	dp	4	2024-08-28 04:30:00 UTC	11.4
2024-08-28	ODIHAM	dp	5	2024-08-28 05:30:00 UTC	11.6
2024-08-28	ODIHAM	dp	6	2024-08-28 06:30:00 UTC	12.2
2024-08-28	ODIHAM	dp	7	2024-08-28 07:30:00 UTC	12.6
2024-08-28	ODIHAM	dp	8	2024-08-28 08:30:00 UTC	13.6
2024-08-28	ODIHAM	dp	9	2024-08-28 09:30:00 UTC	14.3
2024-08-28	ODIHAM	dp	10	2024-08-28 10:30:00 UTC	14.8
2024-08-28	ODIHAM	dp	11	2024-08-28 11:30:00 UTC	14.2
2024-08-28	ODIHAM	dp	12	2024-08-28 12:30:00 UTC	14.1
2024-08-28	ODIHAM	dp	13	2024-08-28 13:30:00 UTC	13.7
2024-08-28	ODIHAM	dp	14	2024-08-28 14:30:00 UTC	13.2
2024-08-28	ODIHAM	dp	15	2024-08-28 15:30:00 UTC	13.9
2024-08-28	ODIHAM	dp	16	2024-08-28 16:30:00 UTC	13.5
2024-08-28	ODIHAM	dp	17	2024-08-28 17:30:00 UTC	14.8
2024-08-28	ODIHAM	dp	18	2024-08-28 18:30:00 UTC	15.0
2024-08-28	ODIHAM	dp	19	2024-08-28 19:30:00 UTC	14.2
2024-08-28	ODIHAM	dp	20	2024-08-28 20:30:00 UTC	14.7
2024-08-28	ODIHAM	dp	21	2024-08-28 21:30:00 UTC	13.6
2024-08-28	ODIHAM	dp	22	2024-08-28 22:30:00 UTC	13.5
2024-08-28	ODIHAM	dp	23	2024-08-28 23:30:00 UTC	12.0
2024-08-29	ODIHAM	dp	0	2024-08-29 00:30:00 UTC	11.9
2024-08-29	ODIHAM	dp	1	2024-08-29 01:30:00 UTC	11.9
2024-08-29	ODIHAM	dp	2	2024-08-29 02:30:00 UTC	11.7
2024-08-29	ODIHAM	dp	3	2024-08-29 03:30:00 UTC	10.9
2024-08-29	ODIHAM	dp	4	2024-08-29 04:30:00 UTC	10.9
2024-08-29	ODIHAM	dp	5	2024-08-29 05:30:00 UTC	10.9
2024-08-29	ODIHAM	dp	6	2024-08-29 06:30:00 UTC	10.7
2024-08-29	ODIHAM	dp	7	2024-08-29 07:30:00 UTC	11.6
2024-08-29	ODIHAM	dp	8	2024-08-29 08:30:00 UTC	11.9
2024-08-29	ODIHAM	dp	9	2024-08-29 09:30:00 UTC	11.7
2024-08-29	ODIHAM	dp	10	2024-08-29 10:30:00 UTC	10.7
2024-08-29	ODIHAM	dp	11	2024-08-29 11:30:00 UTC	8.4
2024-08-29	ODIHAM	dp	12	2024-08-29 12:30:00 UTC	9.0
2024-08-29	ODIHAM	dp	13	2024-08-29 13:30:00 UTC	8.0
2024-08-29	ODIHAM	dp	14	2024-08-29 14:30:00 UTC	9.4
2024-08-29	ODIHAM	dp	15	2024-08-29 15:30:00 UTC	8.4
2024-08-29	ODIHAM	dp	16	2024-08-29 16:30:00 UTC	7.1
2024-08-29	ODIHAM	dp	17	2024-08-29 17:30:00 UTC	7.7
2024-08-29	ODIHAM	dp	18	2024-08-29 18:30:00 UTC	7.9
2024-08-29	ODIHAM	dp	19	2024-08-29 19:30:00 UTC	7.9
2024-08-29	ODIHAM	dp	20	2024-08-29 20:30:00 UTC	7.9
2024-08-29	ODIHAM	dp	21	2024-08-29 21:30:00 UTC	8.1
2024-08-29	ODIHAM	dp	22	2024-08-29 22:30:00 UTC	8.2
2024-08-29	ODIHAM	dp	23	2024-08-29 23:30:00 UTC	8.1
2024-08-30	ODIHAM	dp	0	2024-08-30 00:30:00 UTC	7.4
2024-08-30	ODIHAM	dp	1	2024-08-30 01:30:00 UTC	7.1
2024-08-30	ODIHAM	dp	2	2024-08-30 02:30:00 UTC	9.5
2024-08-30	ODIHAM	dp	3	2024-08-30 03:30:00 UTC	9.1
2024-08-30	ODIHAM	dp	4	2024-08-30 04:30:00 UTC	9.1
2024-08-30	ODIHAM	dp	5	2024-08-30 05:30:00 UTC	8.8
2024-08-30	ODIHAM	dp	6	2024-08-30 06:30:00 UTC	8.5
2024-08-30	ODIHAM	dp	7	2024-08-30 07:30:00 UTC	9.4
2024-08-30	ODIHAM	dp	8	2024-08-30 08:30:00 UTC	10.0
2024-08-30	ODIHAM	dp	9	2024-08-30 09:30:00 UTC	10.6
2024-08-30	ODIHAM	dp	10	2024-08-30 10:30:00 UTC	10.1
2024-08-30	ODIHAM	dp	11	2024-08-30 11:30:00 UTC	8.9
2024-08-30	ODIHAM	dp	12	2024-08-30 12:30:00 UTC	9.0
2024-08-30	ODIHAM	dp	13	2024-08-30 13:30:00 UTC	10.2
2024-08-30	ODIHAM	dp	14	2024-08-30 14:30:00 UTC	7.4
2024-08-30	ODIHAM	dp	15	2024-08-30 15:30:00 UTC	8.4
2024-08-30	ODIHAM	dp	16	2024-08-30 16:30:00 UTC	8.5
2024-08-30	ODIHAM	dp	17	2024-08-30 17:30:00 UTC	8.6
2024-08-30	ODIHAM	dp	18	2024-08-30 18:30:00 UTC	9.9
2024-08-30	ODIHAM	dp	19	2024-08-30 19:30:00 UTC	10.0
2024-08-30	ODIHAM	dp	20	2024-08-30 20:30:00 UTC	9.6
2024-08-30	ODIHAM	dp	21	2024-08-30 21:30:00 UTC	10.6
2024-08-30	ODIHAM	dp	22	2024-08-30 22:30:00 UTC	11.6
2024-08-30	ODIHAM	dp	23	2024-08-30 23:30:00 UTC	11.0
2024-08-31	ODIHAM	dp	0	2024-08-31 00:30:00 UTC	10.7
2024-08-31	ODIHAM	dp	1	2024-08-31 01:30:00 UTC	10.7
2024-08-31	ODIHAM	dp	2	2024-08-31 02:30:00 UTC	10.8
2024-08-31	ODIHAM	dp	3	2024-08-31 03:30:00 UTC	10.6
2024-08-31	ODIHAM	dp	4	2024-08-31 04:30:00 UTC	10.9
2024-08-31	ODIHAM	dp	5	2024-08-31 05:30:00 UTC	10.8
2024-08-31	ODIHAM	dp	6	2024-08-31 06:30:00 UTC	11.1
2024-08-31	ODIHAM	dp	7	2024-08-31 07:30:00 UTC	11.5
2024-08-31	ODIHAM	dp	8	2024-08-31 08:30:00 UTC	11.8
2024-08-31	ODIHAM	dp	9	2024-08-31 09:30:00 UTC	12.3
2024-08-31	ODIHAM	dp	10	2024-08-31 10:30:00 UTC	13.3
2024-08-31	ODIHAM	dp	11	2024-08-31 11:30:00 UTC	13.3
2024-08-31	ODIHAM	dp	12	2024-08-31 12:30:00 UTC	12.6
2024-08-31	ODIHAM	dp	13	2024-08-31 13:30:00 UTC	12.6
2024-08-31	ODIHAM	dp	14	2024-08-31 14:30:00 UTC	10.5
2024-08-31	ODIHAM	dp	15	2024-08-31 15:30:00 UTC	10.3
2024-08-31	ODIHAM	dp	16	2024-08-31 16:30:00 UTC	11.1
2024-08-31	ODIHAM	dp	17	2024-08-31 17:30:00 UTC	11.8
2024-08-31	ODIHAM	dp	18	2024-08-31 18:30:00 UTC	12.7
2024-08-31	ODIHAM	dp	19	2024-08-31 19:30:00 UTC	12.8
2024-08-31	ODIHAM	dp	20	2024-08-31 20:30:00 UTC	12.9
2024-08-31	ODIHAM	dp	21	2024-08-31 21:30:00 UTC	13.3
2024-08-31	ODIHAM	dp	22	2024-08-31 22:30:00 UTC	13.5
2024-08-31	ODIHAM	dp	23	2024-08-31 23:30:00 UTC	13.8
2024-09-01	ODIHAM	dp	0	2024-09-01 00:30:00 UTC	13.9
2024-09-01	ODIHAM	dp	1	2024-09-01 01:30:00 UTC	14.0
2024-09-01	ODIHAM	dp	2	2024-09-01 02:30:00 UTC	13.8
2024-09-01	ODIHAM	dp	3	2024-09-01 03:30:00 UTC	13.9
2024-09-01	ODIHAM	dp	4	2024-09-01 04:30:00 UTC	13.9
2024-09-01	ODIHAM	dp	5	2024-09-01 05:30:00 UTC	14.2
2024-09-01	ODIHAM	dp	6	2024-09-01 06:30:00 UTC	14.4
2024-09-01	ODIHAM	dp	7	2024-09-01 07:30:00 UTC	15.0
2024-09-01	ODIHAM	dp	8	2024-09-01 08:30:00 UTC	15.5
2024-09-01	ODIHAM	dp	9	2024-09-01 09:30:00 UTC	16.1
2024-09-01	ODIHAM	dp	10	2024-09-01 10:30:00 UTC	16.8
2024-09-01	ODIHAM	dp	11	2024-09-01 11:30:00 UTC	16.9
2024-09-01	ODIHAM	dp	12	2024-09-01 12:30:00 UTC	17.8
2024-09-01	ODIHAM	dp	13	2024-09-01 13:30:00 UTC	18.0
2024-09-01	ODIHAM	dp	14	2024-09-01 14:30:00 UTC	18.3
2024-09-01	ODIHAM	dp	15	2024-09-01 15:30:00 UTC	17.9
2024-09-01	ODIHAM	dp	16	2024-09-01 16:30:00 UTC	18.3
2024-09-01	ODIHAM	dp	17	2024-09-01 17:30:00 UTC	18.6
2024-09-01	ODIHAM	dp	18	2024-09-01 18:30:00 UTC	18.3
2024-09-01	ODIHAM	dp	19	2024-09-01 19:30:00 UTC	17.7
2024-09-01	ODIHAM	dp	20	2024-09-01 20:30:00 UTC	17.8
2024-09-01	ODIHAM	dp	21	2024-09-01 21:30:00 UTC	17.1
2024-09-01	ODIHAM	dp	22	2024-09-01 22:30:00 UTC	18.3
2024-09-01	ODIHAM	dp	23	2024-09-01 23:30:00 UTC	17.7
2024-09-02	ODIHAM	dp	0	2024-09-02 00:30:00 UTC	17.5
2024-09-02	ODIHAM	dp	1	2024-09-02 01:30:00 UTC	18.1
2024-09-02	ODIHAM	dp	2	2024-09-02 02:30:00 UTC	17.9
2024-09-02	ODIHAM	dp	3	2024-09-02 03:30:00 UTC	17.8
2024-09-02	ODIHAM	dp	4	2024-09-02 04:30:00 UTC	17.9
2024-09-02	ODIHAM	dp	5	2024-09-02 05:30:00 UTC	18.1
2024-09-02	ODIHAM	dp	6	2024-09-02 06:30:00 UTC	17.8
2024-09-02	ODIHAM	dp	7	2024-09-02 07:30:00 UTC	17.5
2024-09-02	ODIHAM	dp	8	2024-09-02 08:30:00 UTC	17.6
2024-09-02	ODIHAM	dp	9	2024-09-02 09:30:00 UTC	17.5
2024-09-02	ODIHAM	dp	10	2024-09-02 10:30:00 UTC	17.0
2024-09-02	ODIHAM	dp	11	2024-09-02 11:30:00 UTC	17.5
2024-09-02	ODIHAM	dp	12	2024-09-02 12:30:00 UTC	16.0
2024-09-02	ODIHAM	dp	13	2024-09-02 13:30:00 UTC	16.2
2024-09-02	ODIHAM	dp	14	2024-09-02 14:30:00 UTC	15.4
2024-09-02	ODIHAM	dp	15	2024-09-02 15:30:00 UTC	15.1
2024-09-02	ODIHAM	dp	16	2024-09-02 16:30:00 UTC	16.2
2024-09-02	ODIHAM	dp	17	2024-09-02 17:30:00 UTC	17.2
2024-08-26	ODIHAM	h	0	2024-08-26 00:30:00 UTC	88.3
2024-08-26	ODIHAM	h	1	2024-08-26 01:30:00 UTC	87.7
2024-08-26	ODIHAM	h	2	2024-08-26 02:30:00 UTC	88.3
2024-08-26	ODIHAM	h	3	2024-08-26 03:30:00 UTC	89.5
2024-08-26	ODIHAM	h	4	2024-08-26 04:30:00 UTC	90.0
2024-08-26	ODIHAM	h	5	2024-08-26 05:30:00 UTC	90.0
2024-08-26	ODIHAM	h	6	2024-08-26 06:30:00 UTC	92.4
2024-08-26	ODIHAM	h	7	2024-08-26 07:30:00 UTC	91.3
2024-08-26	ODIHAM	h	8	2024-08-26 08:30:00 UTC	85.5
2024-08-26	ODIHAM	h	9	2024-08-26 09:30:00 UTC	76.6
2024-08-26	ODIHAM	h	10	2024-08-26 10:30:00 UTC	66.2
2024-08-26	ODIHAM	h	11	2024-08-26 11:30:00 UTC	54.9
2024-08-26	ODIHAM	h	12	2024-08-26 12:30:00 UTC	51.1
2024-08-26	ODIHAM	h	13	2024-08-26 13:30:00 UTC	52.7
2024-08-26	ODIHAM	h	14	2024-08-26 14:30:00 UTC	51.6
2024-08-26	ODIHAM	h	15	2024-08-26 15:30:00 UTC	58.4
2024-08-26	ODIHAM	h	16	2024-08-26 16:30:00 UTC	56.8
2024-08-26	ODIHAM	h	17	2024-08-26 17:30:00 UTC	58.8
2024-08-26	ODIHAM	h	18	2024-08-26 18:30:00 UTC	66.9
2024-08-26	ODIHAM	h	19	2024-08-26 19:30:00 UTC	75.5
2024-08-26	ODIHAM	h	20	2024-08-26 20:30:00 UTC	80.6
2024-08-26	ODIHAM	h	21	2024-08-26 21:30:00 UTC	81.1
2024-08-26	ODIHAM	h	22	2024-08-26 22:30:00 UTC	87.7
2024-08-26	ODIHAM	h	23	2024-08-26 23:30:00 UTC	89.5
2024-08-27	ODIHAM	h	0	2024-08-27 00:30:00 UTC	91.9
2024-08-27	ODIHAM	h	1	2024-08-27 01:30:00 UTC	90.2
2024-08-27	ODIHAM	h	2	2024-08-27 02:30:00 UTC	91.3
2024-08-27	ODIHAM	h	3	2024-08-27 03:30:00 UTC	92.4
2024-08-27	ODIHAM	h	4	2024-08-27 04:30:00 UTC	93.1
2024-08-27	ODIHAM	h	5	2024-08-27 05:30:00 UTC	91.9
2024-08-27	ODIHAM	h	6	2024-08-27 06:30:00 UTC	94.9
2024-08-27	ODIHAM	h	7	2024-08-27 07:30:00 UTC	91.4
2024-08-27	ODIHAM	h	8	2024-08-27 08:30:00 UTC	84.6
2024-08-27	ODIHAM	h	9	2024-08-27 09:30:00 UTC	74.1
2024-08-27	ODIHAM	h	10	2024-08-27 10:30:00 UTC	67.6
2024-08-27	ODIHAM	h	11	2024-08-27 11:30:00 UTC	57.2
2024-08-27	ODIHAM	h	12	2024-08-27 12:30:00 UTC	54.8
2024-08-27	ODIHAM	h	13	2024-08-27 13:30:00 UTC	50.3
2024-08-27	ODIHAM	h	14	2024-08-27 14:30:00 UTC	50.4
2024-08-27	ODIHAM	h	15	2024-08-27 15:30:00 UTC	45.6
2024-08-27	ODIHAM	h	16	2024-08-27 16:30:00 UTC	44.6
2024-08-27	ODIHAM	h	17	2024-08-27 17:30:00 UTC	46.3
2024-08-27	ODIHAM	h	18	2024-08-27 18:30:00 UTC	57.9
2024-08-27	ODIHAM	h	19	2024-08-27 19:30:00 UTC	70.4
2024-08-27	ODIHAM	h	20	2024-08-27 20:30:00 UTC	74.3
2024-08-27	ODIHAM	h	21	2024-08-27 21:30:00 UTC	80.0
2024-08-27	ODIHAM	h	22	2024-08-27 22:30:00 UTC	81.5
2024-08-27	ODIHAM	h	23	2024-08-27 23:30:00 UTC	83.2
2024-08-28	ODIHAM	h	0	2024-08-28 00:30:00 UTC	81.0
2024-08-28	ODIHAM	h	1	2024-08-28 01:30:00 UTC	79.3
2024-08-28	ODIHAM	h	2	2024-08-28 02:30:00 UTC	83.6
2024-08-28	ODIHAM	h	3	2024-08-28 03:30:00 UTC	89.3
2024-08-28	ODIHAM	h	4	2024-08-28 04:30:00 UTC	87.0
2024-08-28	ODIHAM	h	5	2024-08-28 05:30:00 UTC	87.6
2024-08-28	ODIHAM	h	6	2024-08-28 06:30:00 UTC	87.1
2024-08-28	ODIHAM	h	7	2024-08-28 07:30:00 UTC	83.8
2024-08-28	ODIHAM	h	8	2024-08-28 08:30:00 UTC	79.3
2024-08-28	ODIHAM	h	9	2024-08-28 09:30:00 UTC	67.5
2024-08-28	ODIHAM	h	10	2024-08-28 10:30:00 UTC	62.0
2024-08-28	ODIHAM	h	11	2024-08-28 11:30:00 UTC	51.9
2024-08-28	ODIHAM	h	12	2024-08-28 12:30:00 UTC	49.4
2024-08-28	ODIHAM	h	13	2024-08-28 13:30:00 UTC	46.5
2024-08-28	ODIHAM	h	14	2024-08-28 14:30:00 UTC	44.4
2024-08-28	ODIHAM	h	15	2024-08-28 15:30:00 UTC	48.5
2024-08-28	ODIHAM	h	16	2024-08-28 16:30:00 UTC	47.2
2024-08-28	ODIHAM	h	17	2024-08-28 17:30:00 UTC	56.2
2024-08-28	ODIHAM	h	18	2024-08-28 18:30:00 UTC	61.7
2024-08-28	ODIHAM	h	19	2024-08-28 19:30:00 UTC	60.7
2024-08-28	ODIHAM	h	20	2024-08-28 20:30:00 UTC	67.6
2024-08-28	ODIHAM	h	21	2024-08-28 21:30:00 UTC	73.5
2024-08-28	ODIHAM	h	22	2024-08-28 22:30:00 UTC	80.8
2024-08-28	ODIHAM	h	23	2024-08-28 23:30:00 UTC	79.0
2024-08-29	ODIHAM	h	0	2024-08-29 00:30:00 UTC	82.7
2024-08-29	ODIHAM	h	1	2024-08-29 01:30:00 UTC	87.1
2024-08-29	ODIHAM	h	2	2024-08-29 02:30:00 UTC	87.6
2024-08-29	ODIHAM	h	3	2024-08-29 03:30:00 UTC	88.1
2024-08-29	ODIHAM	h	4	2024-08-29 04:30:00 UTC	93.5
2024-08-29	ODIHAM	h	5	2024-08-29 05:30:00 UTC	94.8
2024-08-29	ODIHAM	h	6	2024-08-29 06:30:00 UTC	94.8
2024-08-29	ODIHAM	h	7	2024-08-29 07:30:00 UTC	93.6
2024-08-29	ODIHAM	h	8	2024-08-29 08:30:00 UTC	82.1
2024-08-29	ODIHAM	h	9	2024-08-29 09:30:00 UTC	71.6
2024-08-29	ODIHAM	h	10	2024-08-29 10:30:00 UTC	62.4
2024-08-29	ODIHAM	h	11	2024-08-29 11:30:00 UTC	51.1
2024-08-29	ODIHAM	h	12	2024-08-29 12:30:00 UTC	49.4
2024-08-29	ODIHAM	h	13	2024-08-29 13:30:00 UTC	45.8
2024-08-29	ODIHAM	h	14	2024-08-29 14:30:00 UTC	49.8
2024-08-29	ODIHAM	h	15	2024-08-29 15:30:00 UTC	46.5
2024-08-29	ODIHAM	h	16	2024-08-29 16:30:00 UTC	42.5
2024-08-29	ODIHAM	h	17	2024-08-29 17:30:00 UTC	43.2
2024-08-29	ODIHAM	h	18	2024-08-29 18:30:00 UTC	46.0
2024-08-29	ODIHAM	h	19	2024-08-29 19:30:00 UTC	51.9
2024-08-29	ODIHAM	h	20	2024-08-29 20:30:00 UTC	57.2
2024-08-29	ODIHAM	h	21	2024-08-29 21:30:00 UTC	63.4
2024-08-29	ODIHAM	h	22	2024-08-29 22:30:00 UTC	64.3
2024-08-29	ODIHAM	h	23	2024-08-29 23:30:00 UTC	69.1
2024-08-30	ODIHAM	h	0	2024-08-30 00:30:00 UTC	77.7
2024-08-30	ODIHAM	h	1	2024-08-30 01:30:00 UTC	79.7
2024-08-30	ODIHAM	h	2	2024-08-30 02:30:00 UTC	81.7
2024-08-30	ODIHAM	h	3	2024-08-30 03:30:00 UTC	81.1
2024-08-30	ODIHAM	h	4	2024-08-30 04:30:00 UTC	86.7
2024-08-30	ODIHAM	h	5	2024-08-30 05:30:00 UTC	89.6
2024-08-30	ODIHAM	h	6	2024-08-30 06:30:00 UTC	92.1
2024-08-30	ODIHAM	h	7	2024-08-30 07:30:00 UTC	92.2
2024-08-30	ODIHAM	h	8	2024-08-30 08:30:00 UTC	77.6
2024-08-30	ODIHAM	h	9	2024-08-30 09:30:00 UTC	70.5
2024-08-30	ODIHAM	h	10	2024-08-30 10:30:00 UTC	58.4
2024-08-30	ODIHAM	h	11	2024-08-30 11:30:00 UTC	52.5
2024-08-30	ODIHAM	h	12	2024-08-30 12:30:00 UTC	51.1
2024-08-30	ODIHAM	h	13	2024-08-30 13:30:00 UTC	49.9
2024-08-30	ODIHAM	h	14	2024-08-30 14:30:00 UTC	42.2
2024-08-30	ODIHAM	h	15	2024-08-30 15:30:00 UTC	44.4
2024-08-30	ODIHAM	h	16	2024-08-30 16:30:00 UTC	42.6
2024-08-30	ODIHAM	h	17	2024-08-30 17:30:00 UTC	43.4
2024-08-30	ODIHAM	h	18	2024-08-30 18:30:00 UTC	51.7
2024-08-30	ODIHAM	h	19	2024-08-30 19:30:00 UTC	59.5
2024-08-30	ODIHAM	h	20	2024-08-30 20:30:00 UTC	65.0
2024-08-30	ODIHAM	h	21	2024-08-30 21:30:00 UTC	70.4
2024-08-30	ODIHAM	h	22	2024-08-30 22:30:00 UTC	79.4
2024-08-30	ODIHAM	h	23	2024-08-30 23:30:00 UTC	78.2
2024-08-31	ODIHAM	h	0	2024-08-31 00:30:00 UTC	80.7
2024-08-31	ODIHAM	h	1	2024-08-31 01:30:00 UTC	82.9
2024-08-31	ODIHAM	h	2	2024-08-31 02:30:00 UTC	87.0
2024-08-31	ODIHAM	h	3	2024-08-31 03:30:00 UTC	88.7
2024-08-31	ODIHAM	h	4	2024-08-31 04:30:00 UTC	88.6
2024-08-31	ODIHAM	h	5	2024-08-31 05:30:00 UTC	88.0
2024-08-31	ODIHAM	h	6	2024-08-31 06:30:00 UTC	87.5
2024-08-31	ODIHAM	h	7	2024-08-31 07:30:00 UTC	85.3
2024-08-31	ODIHAM	h	8	2024-08-31 08:30:00 UTC	83.2
2024-08-31	ODIHAM	h	9	2024-08-31 09:30:00 UTC	83.8
2024-08-31	ODIHAM	h	10	2024-08-31 10:30:00 UTC	80.7
2024-08-31	ODIHAM	h	11	2024-08-31 11:30:00 UTC	74.7
2024-08-31	ODIHAM	h	12	2024-08-31 12:30:00 UTC	69.1
2024-08-31	ODIHAM	h	13	2024-08-31 13:30:00 UTC	67.8
2024-08-31	ODIHAM	h	14	2024-08-31 14:30:00 UTC	57.8
2024-08-31	ODIHAM	h	15	2024-08-31 15:30:00 UTC	56.7
2024-08-31	ODIHAM	h	16	2024-08-31 16:30:00 UTC	61.0
2024-08-31	ODIHAM	h	17	2024-08-31 17:30:00 UTC	67.2
2024-08-31	ODIHAM	h	18	2024-08-31 18:30:00 UTC	73.7
2024-08-31	ODIHAM	h	19	2024-08-31 19:30:00 UTC	74.2
2024-08-31	ODIHAM	h	20	2024-08-31 20:30:00 UTC	75.1
2024-08-31	ODIHAM	h	21	2024-08-31 21:30:00 UTC	76.7
2024-08-31	ODIHAM	h	22	2024-08-31 22:30:00 UTC	78.2
2024-08-31	ODIHAM	h	23	2024-08-31 23:30:00 UTC	80.3
2024-09-01	ODIHAM	h	0	2024-09-01 00:30:00 UTC	83.9
2024-09-01	ODIHAM	h	1	2024-09-01 01:30:00 UTC	87.3
2024-09-01	ODIHAM	h	2	2024-09-01 02:30:00 UTC	88.4
2024-09-01	ODIHAM	h	3	2024-09-01 03:30:00 UTC	92.5
2024-09-01	ODIHAM	h	4	2024-09-01 04:30:00 UTC	93.0
2024-09-01	ODIHAM	h	5	2024-09-01 05:30:00 UTC	93.7
2024-09-01	ODIHAM	h	6	2024-09-01 06:30:00 UTC	93.8
2024-09-01	ODIHAM	h	7	2024-09-01 07:30:00 UTC	93.2
2024-09-01	ODIHAM	h	8	2024-09-01 08:30:00 UTC	89.1
2024-09-01	ODIHAM	h	9	2024-09-01 09:30:00 UTC	83.2
2024-09-01	ODIHAM	h	10	2024-09-01 10:30:00 UTC	69.6
2024-09-01	ODIHAM	h	11	2024-09-01 11:30:00 UTC	67.6
2024-09-01	ODIHAM	h	12	2024-09-01 12:30:00 UTC	64.6
2024-09-01	ODIHAM	h	13	2024-09-01 13:30:00 UTC	61.6
2024-09-01	ODIHAM	h	14	2024-09-01 14:30:00 UTC	58.2
2024-09-01	ODIHAM	h	15	2024-09-01 15:30:00 UTC	54.7
2024-09-01	ODIHAM	h	16	2024-09-01 16:30:00 UTC	58.9
2024-09-01	ODIHAM	h	17	2024-09-01 17:30:00 UTC	70.0
2024-09-01	ODIHAM	h	18	2024-09-01 18:30:00 UTC	74.3
2024-09-01	ODIHAM	h	19	2024-09-01 19:30:00 UTC	82.4
2024-09-01	ODIHAM	h	20	2024-09-01 20:30:00 UTC	88.2
2024-09-01	ODIHAM	h	21	2024-09-01 21:30:00 UTC	91.0
2024-09-01	ODIHAM	h	22	2024-09-01 22:30:00 UTC	92.8
2024-09-01	ODIHAM	h	23	2024-09-01 23:30:00 UTC	92.7
2024-09-02	ODIHAM	h	0	2024-09-02 00:30:00 UTC	94.5
2024-09-02	ODIHAM	h	1	2024-09-02 01:30:00 UTC	94.5
2024-09-02	ODIHAM	h	2	2024-09-02 02:30:00 UTC	93.9
2024-09-02	ODIHAM	h	3	2024-09-02 03:30:00 UTC	95.1
2024-09-02	ODIHAM	h	4	2024-09-02 04:30:00 UTC	95.7
2024-09-02	ODIHAM	h	5	2024-09-02 05:30:00 UTC	96.3
2024-09-02	ODIHAM	h	6	2024-09-02 06:30:00 UTC	96.3
2024-09-02	ODIHAM	h	7	2024-09-02 07:30:00 UTC	95.6
2024-09-02	ODIHAM	h	8	2024-09-02 08:30:00 UTC	95.1
2024-09-02	ODIHAM	h	9	2024-09-02 09:30:00 UTC	93.3
2024-09-02	ODIHAM	h	10	2024-09-02 10:30:00 UTC	93.3
2024-09-02	ODIHAM	h	11	2024-09-02 11:30:00 UTC	94.5
2024-09-02	ODIHAM	h	12	2024-09-02 12:30:00 UTC	80.1
2024-09-02	ODIHAM	h	13	2024-09-02 13:30:00 UTC	77.2
2024-09-02	ODIHAM	h	14	2024-09-02 14:30:00 UTC	68.9
2024-09-02	ODIHAM	h	15	2024-09-02 15:30:00 UTC	71.9
2024-09-02	ODIHAM	h	16	2024-09-02 16:30:00 UTC	79.7
2024-09-02	ODIHAM	h	17	2024-09-02 17:30:00 UTC	89.3
2024-08-26	ODIHAM	p	0	2024-08-26 00:30:00 UTC	1018
2024-08-26	ODIHAM	p	1	2024-08-26 01:30:00 UTC	1018
2024-08-26	ODIHAM	p	2	2024-08-26 02:30:00 UTC	1018
2024-08-26	ODIHAM	p	3	2024-08-26 03:30:00 UTC	1018
2024-08-26	ODIHAM	p	4	2024-08-26 04:30:00 UTC	1018
2024-08-26	ODIHAM	p	5	2024-08-26 05:30:00 UTC	1018
2024-08-26	ODIHAM	p	6	2024-08-26 06:30:00 UTC	1018
2024-08-26	ODIHAM	p	7	2024-08-26 07:30:00 UTC	1019
2024-08-26	ODIHAM	p	8	2024-08-26 08:30:00 UTC	1019
2024-08-26	ODIHAM	p	9	2024-08-26 09:30:00 UTC	1019
2024-08-26	ODIHAM	p	10	2024-08-26 10:30:00 UTC	1020
2024-08-26	ODIHAM	p	11	2024-08-26 11:30:00 UTC	1020
2024-08-26	ODIHAM	p	12	2024-08-26 12:30:00 UTC	1019
2024-08-26	ODIHAM	p	13	2024-08-26 13:30:00 UTC	1019
2024-08-26	ODIHAM	p	14	2024-08-26 14:30:00 UTC	1019
2024-08-26	ODIHAM	p	15	2024-08-26 15:30:00 UTC	1019
2024-08-26	ODIHAM	p	16	2024-08-26 16:30:00 UTC	1019
2024-08-26	ODIHAM	p	17	2024-08-26 17:30:00 UTC	1019
2024-08-26	ODIHAM	p	18	2024-08-26 18:30:00 UTC	1019
2024-08-26	ODIHAM	p	19	2024-08-26 19:30:00 UTC	1019
2024-08-26	ODIHAM	p	20	2024-08-26 20:30:00 UTC	1020
2024-08-26	ODIHAM	p	21	2024-08-26 21:30:00 UTC	1020
2024-08-26	ODIHAM	p	22	2024-08-26 22:30:00 UTC	1020
2024-08-26	ODIHAM	p	23	2024-08-26 23:30:00 UTC	1020
2024-08-27	ODIHAM	p	0	2024-08-27 00:30:00 UTC	1020
2024-08-27	ODIHAM	p	1	2024-08-27 01:30:00 UTC	1019
2024-08-27	ODIHAM	p	2	2024-08-27 02:30:00 UTC	1019
2024-08-27	ODIHAM	p	3	2024-08-27 03:30:00 UTC	1019
2024-08-27	ODIHAM	p	4	2024-08-27 04:30:00 UTC	1019
2024-08-27	ODIHAM	p	5	2024-08-27 05:30:00 UTC	1019
2024-08-27	ODIHAM	p	6	2024-08-27 06:30:00 UTC	1018
2024-08-27	ODIHAM	p	7	2024-08-27 07:30:00 UTC	1018
2024-08-27	ODIHAM	p	8	2024-08-27 08:30:00 UTC	1018
2024-08-27	ODIHAM	p	9	2024-08-27 09:30:00 UTC	1018
2024-08-27	ODIHAM	p	10	2024-08-27 10:30:00 UTC	1018
2024-08-27	ODIHAM	p	11	2024-08-27 11:30:00 UTC	1018
2024-08-27	ODIHAM	p	12	2024-08-27 12:30:00 UTC	1017
2024-08-27	ODIHAM	p	13	2024-08-27 13:30:00 UTC	1017
2024-08-27	ODIHAM	p	14	2024-08-27 14:30:00 UTC	1016
2024-08-27	ODIHAM	p	15	2024-08-27 15:30:00 UTC	1016
2024-08-27	ODIHAM	p	16	2024-08-27 16:30:00 UTC	1016
2024-08-27	ODIHAM	p	17	2024-08-27 17:30:00 UTC	1015
2024-08-27	ODIHAM	p	18	2024-08-27 18:30:00 UTC	1016
2024-08-27	ODIHAM	p	19	2024-08-27 19:30:00 UTC	1016
2024-08-27	ODIHAM	p	20	2024-08-27 20:30:00 UTC	1016
2024-08-27	ODIHAM	p	21	2024-08-27 21:30:00 UTC	1016
2024-08-27	ODIHAM	p	22	2024-08-27 22:30:00 UTC	1016
2024-08-27	ODIHAM	p	23	2024-08-27 23:30:00 UTC	1016
2024-08-28	ODIHAM	p	0	2024-08-28 00:30:00 UTC	1016
2024-08-28	ODIHAM	p	1	2024-08-28 01:30:00 UTC	1015
2024-08-28	ODIHAM	p	2	2024-08-28 02:30:00 UTC	1015
2024-08-28	ODIHAM	p	3	2024-08-28 03:30:00 UTC	1014
2024-08-28	ODIHAM	p	4	2024-08-28 04:30:00 UTC	1014
2024-08-28	ODIHAM	p	5	2024-08-28 05:30:00 UTC	1014
2024-08-28	ODIHAM	p	6	2024-08-28 06:30:00 UTC	1013
2024-08-28	ODIHAM	p	7	2024-08-28 07:30:00 UTC	1013
2024-08-28	ODIHAM	p	8	2024-08-28 08:30:00 UTC	1013
2024-08-28	ODIHAM	p	9	2024-08-28 09:30:00 UTC	1012
2024-08-28	ODIHAM	p	10	2024-08-28 10:30:00 UTC	1012
2024-08-28	ODIHAM	p	11	2024-08-28 11:30:00 UTC	1012
2024-08-28	ODIHAM	p	12	2024-08-28 12:30:00 UTC	1012
2024-08-28	ODIHAM	p	13	2024-08-28 13:30:00 UTC	1011
2024-08-28	ODIHAM	p	14	2024-08-28 14:30:00 UTC	1011
2024-08-28	ODIHAM	p	15	2024-08-28 15:30:00 UTC	1011
2024-08-28	ODIHAM	p	16	2024-08-28 16:30:00 UTC	1011
2024-08-28	ODIHAM	p	17	2024-08-28 17:30:00 UTC	1011
2024-08-28	ODIHAM	p	18	2024-08-28 18:30:00 UTC	1011
2024-08-28	ODIHAM	p	19	2024-08-28 19:30:00 UTC	1012
2024-08-28	ODIHAM	p	20	2024-08-28 20:30:00 UTC	1012
2024-08-28	ODIHAM	p	21	2024-08-28 21:30:00 UTC	1013
2024-08-28	ODIHAM	p	22	2024-08-28 22:30:00 UTC	1014
2024-08-28	ODIHAM	p	23	2024-08-28 23:30:00 UTC	1014
2024-08-29	ODIHAM	p	0	2024-08-29 00:30:00 UTC	1015
2024-08-29	ODIHAM	p	1	2024-08-29 01:30:00 UTC	1015
2024-08-29	ODIHAM	p	2	2024-08-29 02:30:00 UTC	1016
2024-08-29	ODIHAM	p	3	2024-08-29 03:30:00 UTC	1016
2024-08-29	ODIHAM	p	4	2024-08-29 04:30:00 UTC	1016
2024-08-29	ODIHAM	p	5	2024-08-29 05:30:00 UTC	1017
2024-08-29	ODIHAM	p	6	2024-08-29 06:30:00 UTC	1017
2024-08-29	ODIHAM	p	7	2024-08-29 07:30:00 UTC	1018
2024-08-29	ODIHAM	p	8	2024-08-29 08:30:00 UTC	1018
2024-08-29	ODIHAM	p	9	2024-08-29 09:30:00 UTC	1019
2024-08-29	ODIHAM	p	10	2024-08-29 10:30:00 UTC	1019
2024-08-29	ODIHAM	p	11	2024-08-29 11:30:00 UTC	1018
2024-08-29	ODIHAM	p	12	2024-08-29 12:30:00 UTC	1018
2024-08-29	ODIHAM	p	13	2024-08-29 13:30:00 UTC	1019
2024-08-29	ODIHAM	p	14	2024-08-29 14:30:00 UTC	1019
2024-08-29	ODIHAM	p	15	2024-08-29 15:30:00 UTC	1019
2024-08-29	ODIHAM	p	16	2024-08-29 16:30:00 UTC	1019
2024-08-29	ODIHAM	p	17	2024-08-29 17:30:00 UTC	1019
2024-08-29	ODIHAM	p	18	2024-08-29 18:30:00 UTC	1019
2024-08-29	ODIHAM	p	19	2024-08-29 19:30:00 UTC	1020
2024-08-29	ODIHAM	p	20	2024-08-29 20:30:00 UTC	1020
2024-08-29	ODIHAM	p	21	2024-08-29 21:30:00 UTC	1021
2024-08-29	ODIHAM	p	22	2024-08-29 22:30:00 UTC	1021
2024-08-29	ODIHAM	p	23	2024-08-29 23:30:00 UTC	1021
2024-08-30	ODIHAM	p	0	2024-08-30 00:30:00 UTC	1022
2024-08-30	ODIHAM	p	1	2024-08-30 01:30:00 UTC	1022
2024-08-30	ODIHAM	p	2	2024-08-30 02:30:00 UTC	1022
2024-08-30	ODIHAM	p	3	2024-08-30 03:30:00 UTC	1022
2024-08-30	ODIHAM	p	4	2024-08-30 04:30:00 UTC	1022
2024-08-30	ODIHAM	p	5	2024-08-30 05:30:00 UTC	1022
2024-08-30	ODIHAM	p	6	2024-08-30 06:30:00 UTC	1022
2024-08-30	ODIHAM	p	7	2024-08-30 07:30:00 UTC	1023
2024-08-30	ODIHAM	p	8	2024-08-30 08:30:00 UTC	1023
2024-08-30	ODIHAM	p	9	2024-08-30 09:30:00 UTC	1023
2024-08-30	ODIHAM	p	10	2024-08-30 10:30:00 UTC	1023
2024-08-30	ODIHAM	p	11	2024-08-30 11:30:00 UTC	1023
2024-08-30	ODIHAM	p	12	2024-08-30 12:30:00 UTC	1023
2024-08-30	ODIHAM	p	13	2024-08-30 13:30:00 UTC	1023
2024-08-30	ODIHAM	p	14	2024-08-30 14:30:00 UTC	1022
2024-08-30	ODIHAM	p	15	2024-08-30 15:30:00 UTC	1022
2024-08-30	ODIHAM	p	16	2024-08-30 16:30:00 UTC	1022
2024-08-30	ODIHAM	p	17	2024-08-30 17:30:00 UTC	1022
2024-08-30	ODIHAM	p	18	2024-08-30 18:30:00 UTC	1022
2024-08-30	ODIHAM	p	19	2024-08-30 19:30:00 UTC	1023
2024-08-30	ODIHAM	p	20	2024-08-30 20:30:00 UTC	1023
2024-08-30	ODIHAM	p	21	2024-08-30 21:30:00 UTC	1024
2024-08-30	ODIHAM	p	22	2024-08-30 22:30:00 UTC	1024
2024-08-30	ODIHAM	p	23	2024-08-30 23:30:00 UTC	1024
2024-08-31	ODIHAM	p	0	2024-08-31 00:30:00 UTC	1024
2024-08-31	ODIHAM	p	1	2024-08-31 01:30:00 UTC	1024
2024-08-31	ODIHAM	p	2	2024-08-31 02:30:00 UTC	1024
2024-08-31	ODIHAM	p	3	2024-08-31 03:30:00 UTC	1024
2024-08-31	ODIHAM	p	4	2024-08-31 04:30:00 UTC	1023
2024-08-31	ODIHAM	p	5	2024-08-31 05:30:00 UTC	1023
2024-08-31	ODIHAM	p	6	2024-08-31 06:30:00 UTC	1023
2024-08-31	ODIHAM	p	7	2024-08-31 07:30:00 UTC	1023
2024-08-31	ODIHAM	p	8	2024-08-31 08:30:00 UTC	1023
2024-08-31	ODIHAM	p	9	2024-08-31 09:30:00 UTC	1023
2024-08-31	ODIHAM	p	10	2024-08-31 10:30:00 UTC	1022
2024-08-31	ODIHAM	p	11	2024-08-31 11:30:00 UTC	1022
2024-08-31	ODIHAM	p	12	2024-08-31 12:30:00 UTC	1021
2024-08-31	ODIHAM	p	13	2024-08-31 13:30:00 UTC	1021
2024-08-31	ODIHAM	p	14	2024-08-31 14:30:00 UTC	1021
2024-08-31	ODIHAM	p	15	2024-08-31 15:30:00 UTC	1020
2024-08-31	ODIHAM	p	16	2024-08-31 16:30:00 UTC	1020
2024-08-31	ODIHAM	p	17	2024-08-31 17:30:00 UTC	1020
2024-08-31	ODIHAM	p	18	2024-08-31 18:30:00 UTC	1019
2024-08-31	ODIHAM	p	19	2024-08-31 19:30:00 UTC	1019
2024-08-31	ODIHAM	p	20	2024-08-31 20:30:00 UTC	1019
2024-08-31	ODIHAM	p	21	2024-08-31 21:30:00 UTC	1019
2024-08-31	ODIHAM	p	22	2024-08-31 22:30:00 UTC	1019
2024-08-31	ODIHAM	p	23	2024-08-31 23:30:00 UTC	1018
2024-09-01	ODIHAM	p	0	2024-09-01 00:30:00 UTC	1018
2024-09-01	ODIHAM	p	1	2024-09-01 01:30:00 UTC	1018
2024-09-01	ODIHAM	p	2	2024-09-01 02:30:00 UTC	1017
2024-09-01	ODIHAM	p	3	2024-09-01 03:30:00 UTC	1016
2024-09-01	ODIHAM	p	4	2024-09-01 04:30:00 UTC	1016
2024-09-01	ODIHAM	p	5	2024-09-01 05:30:00 UTC	1015
2024-09-01	ODIHAM	p	6	2024-09-01 06:30:00 UTC	1015
2024-09-01	ODIHAM	p	7	2024-09-01 07:30:00 UTC	1015
2024-09-01	ODIHAM	p	8	2024-09-01 08:30:00 UTC	1014
2024-09-01	ODIHAM	p	9	2024-09-01 09:30:00 UTC	1014
2024-09-01	ODIHAM	p	10	2024-09-01 10:30:00 UTC	1013
2024-09-01	ODIHAM	p	11	2024-09-01 11:30:00 UTC	1013
2024-09-01	ODIHAM	p	12	2024-09-01 12:30:00 UTC	1012
2024-09-01	ODIHAM	p	13	2024-09-01 13:30:00 UTC	1011
2024-09-01	ODIHAM	p	14	2024-09-01 14:30:00 UTC	1010
2024-09-01	ODIHAM	p	15	2024-09-01 15:30:00 UTC	1010
2024-09-01	ODIHAM	p	16	2024-09-01 16:30:00 UTC	1010
2024-09-01	ODIHAM	p	17	2024-09-01 17:30:00 UTC	1010
2024-09-01	ODIHAM	p	18	2024-09-01 18:30:00 UTC	1010
2024-09-01	ODIHAM	p	19	2024-09-01 19:30:00 UTC	1010
2024-09-01	ODIHAM	p	20	2024-09-01 20:30:00 UTC	1010
2024-09-01	ODIHAM	p	21	2024-09-01 21:30:00 UTC	1010
2024-09-01	ODIHAM	p	22	2024-09-01 22:30:00 UTC	1011
2024-09-01	ODIHAM	p	23	2024-09-01 23:30:00 UTC	1010
2024-09-02	ODIHAM	p	0	2024-09-02 00:30:00 UTC	1010
2024-09-02	ODIHAM	p	1	2024-09-02 01:30:00 UTC	1010
2024-09-02	ODIHAM	p	2	2024-09-02 02:30:00 UTC	1009
2024-09-02	ODIHAM	p	3	2024-09-02 03:30:00 UTC	1009
2024-09-02	ODIHAM	p	4	2024-09-02 04:30:00 UTC	1009
2024-09-02	ODIHAM	p	5	2024-09-02 05:30:00 UTC	1009
2024-09-02	ODIHAM	p	6	2024-09-02 06:30:00 UTC	1009
2024-09-02	ODIHAM	p	7	2024-09-02 07:30:00 UTC	1009
2024-09-02	ODIHAM	p	8	2024-09-02 08:30:00 UTC	1010
2024-09-02	ODIHAM	p	9	2024-09-02 09:30:00 UTC	1010
2024-09-02	ODIHAM	p	10	2024-09-02 10:30:00 UTC	1010
2024-09-02	ODIHAM	p	11	2024-09-02 11:30:00 UTC	1010
2024-09-02	ODIHAM	p	12	2024-09-02 12:30:00 UTC	1010
2024-09-02	ODIHAM	p	13	2024-09-02 13:30:00 UTC	1010
2024-09-02	ODIHAM	p	14	2024-09-02 14:30:00 UTC	1010
2024-09-02	ODIHAM	p	15	2024-09-02 15:30:00 UTC	1010
2024-09-02	ODIHAM	p	16	2024-09-02 16:30:00 UTC	1010
2024-09-02	ODIHAM	p	17	2024-09-02 17:30:00 UTC	1010
2024-08-26	ODIHAM	pt	0	2024-08-26 00:30:00 UTC	F
2024-08-26	ODIHAM	pt	1	2024-08-26 01:30:00 UTC	F
2024-08-26	ODIHAM	pt	2	2024-08-26 02:30:00 UTC	S
2024-08-26	ODIHAM	pt	3	2024-08-26 03:30:00 UTC	S
2024-08-26	ODIHAM	pt	4	2024-08-26 04:30:00 UTC	R
2024-08-26	ODIHAM	pt	5	2024-08-26 05:30:00 UTC	S
2024-08-26	ODIHAM	pt	6	2024-08-26 06:30:00 UTC	R
2024-08-26	ODIHAM	pt	7	2024-08-26 07:30:00 UTC	R
2024-08-26	ODIHAM	pt	8	2024-08-26 08:30:00 UTC	R
2024-08-26	ODIHAM	pt	9	2024-08-26 09:30:00 UTC	R
2024-08-26	ODIHAM	pt	10	2024-08-26 10:30:00 UTC	R
2024-08-26	ODIHAM	pt	11	2024-08-26 11:30:00 UTC	R
2024-08-26	ODIHAM	pt	12	2024-08-26 12:30:00 UTC	R
2024-08-26	ODIHAM	pt	13	2024-08-26 13:30:00 UTC	F
2024-08-26	ODIHAM	pt	14	2024-08-26 14:30:00 UTC	F
2024-08-26	ODIHAM	pt	15	2024-08-26 15:30:00 UTC	F
2024-08-26	ODIHAM	pt	16	2024-08-26 16:30:00 UTC	F
2024-08-26	ODIHAM	pt	17	2024-08-26 17:30:00 UTC	F
2024-08-26	ODIHAM	pt	18	2024-08-26 18:30:00 UTC	F
2024-08-26	ODIHAM	pt	19	2024-08-26 19:30:00 UTC	S
2024-08-26	ODIHAM	pt	20	2024-08-26 20:30:00 UTC	R
2024-08-26	ODIHAM	pt	21	2024-08-26 21:30:00 UTC	R
2024-08-26	ODIHAM	pt	22	2024-08-26 22:30:00 UTC	R
2024-08-26	ODIHAM	pt	23	2024-08-26 23:30:00 UTC	R
2024-08-27	ODIHAM	pt	0	2024-08-27 00:30:00 UTC	F
2024-08-27	ODIHAM	pt	1	2024-08-27 01:30:00 UTC	F
2024-08-27	ODIHAM	pt	2	2024-08-27 02:30:00 UTC	F
2024-08-27	ODIHAM	pt	3	2024-08-27 03:30:00 UTC	F
2024-08-27	ODIHAM	pt	4	2024-08-27 04:30:00 UTC	F
2024-08-27	ODIHAM	pt	5	2024-08-27 05:30:00 UTC	F
2024-08-27	ODIHAM	pt	6	2024-08-27 06:30:00 UTC	F
2024-08-27	ODIHAM	pt	7	2024-08-27 07:30:00 UTC	F
2024-08-27	ODIHAM	pt	8	2024-08-27 08:30:00 UTC	F
2024-08-27	ODIHAM	pt	9	2024-08-27 09:30:00 UTC	F
2024-08-27	ODIHAM	pt	10	2024-08-27 10:30:00 UTC	F
2024-08-27	ODIHAM	pt	11	2024-08-27 11:30:00 UTC	F
2024-08-27	ODIHAM	pt	12	2024-08-27 12:30:00 UTC	F
2024-08-27	ODIHAM	pt	13	2024-08-27 13:30:00 UTC	F
2024-08-27	ODIHAM	pt	14	2024-08-27 14:30:00 UTC	F
2024-08-27	ODIHAM	pt	15	2024-08-27 15:30:00 UTC	F
2024-08-27	ODIHAM	pt	16	2024-08-27 16:30:00 UTC	F
2024-08-27	ODIHAM	pt	17	2024-08-27 17:30:00 UTC	F
2024-08-27	ODIHAM	pt	18	2024-08-27 18:30:00 UTC	F
2024-08-27	ODIHAM	pt	19	2024-08-27 19:30:00 UTC	F
2024-08-27	ODIHAM	pt	20	2024-08-27 20:30:00 UTC	R
2024-08-27	ODIHAM	pt	21	2024-08-27 21:30:00 UTC	F
2024-08-27	ODIHAM	pt	22	2024-08-27 22:30:00 UTC	R
2024-08-27	ODIHAM	pt	23	2024-08-27 23:30:00 UTC	F
2024-08-28	ODIHAM	pt	0	2024-08-28 00:30:00 UTC	F
2024-08-28	ODIHAM	pt	1	2024-08-28 01:30:00 UTC	F
2024-08-28	ODIHAM	pt	2	2024-08-28 02:30:00 UTC	F
2024-08-28	ODIHAM	pt	3	2024-08-28 03:30:00 UTC	F
2024-08-28	ODIHAM	pt	4	2024-08-28 04:30:00 UTC	F
2024-08-28	ODIHAM	pt	5	2024-08-28 05:30:00 UTC	F
2024-08-28	ODIHAM	pt	6	2024-08-28 06:30:00 UTC	F
2024-08-28	ODIHAM	pt	7	2024-08-28 07:30:00 UTC	F
2024-08-28	ODIHAM	pt	8	2024-08-28 08:30:00 UTC	F
2024-08-28	ODIHAM	pt	9	2024-08-28 09:30:00 UTC	F
2024-08-28	ODIHAM	pt	10	2024-08-28 10:30:00 UTC	F
2024-08-28	ODIHAM	pt	11	2024-08-28 11:30:00 UTC	F
2024-08-28	ODIHAM	pt	12	2024-08-28 12:30:00 UTC	F
2024-08-28	ODIHAM	pt	13	2024-08-28 13:30:00 UTC	F
2024-08-28	ODIHAM	pt	14	2024-08-28 14:30:00 UTC	F
2024-08-28	ODIHAM	pt	15	2024-08-28 15:30:00 UTC	F
2024-08-28	ODIHAM	pt	16	2024-08-28 16:30:00 UTC	F
2024-08-28	ODIHAM	pt	17	2024-08-28 17:30:00 UTC	F
2024-08-28	ODIHAM	pt	18	2024-08-28 18:30:00 UTC	R
2024-08-28	ODIHAM	pt	19	2024-08-28 19:30:00 UTC	R
2024-08-28	ODIHAM	pt	20	2024-08-28 20:30:00 UTC	R
2024-08-28	ODIHAM	pt	21	2024-08-28 21:30:00 UTC	R
2024-08-28	ODIHAM	pt	22	2024-08-28 22:30:00 UTC	R
2024-08-28	ODIHAM	pt	23	2024-08-28 23:30:00 UTC	R
2024-08-29	ODIHAM	pt	0	2024-08-29 00:30:00 UTC	R
2024-08-29	ODIHAM	pt	1	2024-08-29 01:30:00 UTC	R
2024-08-29	ODIHAM	pt	2	2024-08-29 02:30:00 UTC	R
2024-08-29	ODIHAM	pt	3	2024-08-29 03:30:00 UTC	R
2024-08-29	ODIHAM	pt	4	2024-08-29 04:30:00 UTC	R
2024-08-29	ODIHAM	pt	5	2024-08-29 05:30:00 UTC	R
2024-08-29	ODIHAM	pt	6	2024-08-29 06:30:00 UTC	R
2024-08-29	ODIHAM	pt	7	2024-08-29 07:30:00 UTC	R
2024-08-29	ODIHAM	pt	8	2024-08-29 08:30:00 UTC	R
2024-08-29	ODIHAM	pt	9	2024-08-29 09:30:00 UTC	R
2024-08-29	ODIHAM	pt	10	2024-08-29 10:30:00 UTC	R
2024-08-29	ODIHAM	pt	11	2024-08-29 11:30:00 UTC	R
2024-08-29	ODIHAM	pt	12	2024-08-29 12:30:00 UTC	F
2024-08-29	ODIHAM	pt	13	2024-08-29 13:30:00 UTC	R
2024-08-29	ODIHAM	pt	14	2024-08-29 14:30:00 UTC	R
2024-08-29	ODIHAM	pt	15	2024-08-29 15:30:00 UTC	R
2024-08-29	ODIHAM	pt	16	2024-08-29 16:30:00 UTC	R
2024-08-29	ODIHAM	pt	17	2024-08-29 17:30:00 UTC	R
2024-08-29	ODIHAM	pt	18	2024-08-29 18:30:00 UTC	R
2024-08-29	ODIHAM	pt	19	2024-08-29 19:30:00 UTC	R
2024-08-29	ODIHAM	pt	20	2024-08-29 20:30:00 UTC	R
2024-08-29	ODIHAM	pt	21	2024-08-29 21:30:00 UTC	R
2024-08-29	ODIHAM	pt	22	2024-08-29 22:30:00 UTC	R
2024-08-29	ODIHAM	pt	23	2024-08-29 23:30:00 UTC	R
2024-08-30	ODIHAM	pt	0	2024-08-30 00:30:00 UTC	R
2024-08-30	ODIHAM	pt	1	2024-08-30 01:30:00 UTC	R
2024-08-30	ODIHAM	pt	2	2024-08-30 02:30:00 UTC	R
2024-08-30	ODIHAM	pt	3	2024-08-30 03:30:00 UTC	R
2024-08-30	ODIHAM	pt	4	2024-08-30 04:30:00 UTC	R
2024-08-30	ODIHAM	pt	5	2024-08-30 05:30:00 UTC	F
2024-08-30	ODIHAM	pt	6	2024-08-30 06:30:00 UTC	R
2024-08-30	ODIHAM	pt	7	2024-08-30 07:30:00 UTC	R
2024-08-30	ODIHAM	pt	8	2024-08-30 08:30:00 UTC	R
2024-08-30	ODIHAM	pt	9	2024-08-30 09:30:00 UTC	R
2024-08-30	ODIHAM	pt	10	2024-08-30 10:30:00 UTC	R
2024-08-30	ODIHAM	pt	11	2024-08-30 11:30:00 UTC	R
2024-08-30	ODIHAM	pt	12	2024-08-30 12:30:00 UTC	R
2024-08-30	ODIHAM	pt	13	2024-08-30 13:30:00 UTC	S
2024-08-30	ODIHAM	pt	14	2024-08-30 14:30:00 UTC	F
2024-08-30	ODIHAM	pt	15	2024-08-30 15:30:00 UTC	F
2024-08-30	ODIHAM	pt	16	2024-08-30 16:30:00 UTC	F
2024-08-30	ODIHAM	pt	17	2024-08-30 17:30:00 UTC	F
2024-08-30	ODIHAM	pt	18	2024-08-30 18:30:00 UTC	S
2024-08-30	ODIHAM	pt	19	2024-08-30 19:30:00 UTC	R
2024-08-30	ODIHAM	pt	20	2024-08-30 20:30:00 UTC	R
2024-08-30	ODIHAM	pt	21	2024-08-30 21:30:00 UTC	R
2024-08-30	ODIHAM	pt	22	2024-08-30 22:30:00 UTC	R
2024-08-30	ODIHAM	pt	23	2024-08-30 23:30:00 UTC	R
2024-08-31	ODIHAM	pt	0	2024-08-31 00:30:00 UTC	R
2024-08-31	ODIHAM	pt	1	2024-08-31 01:30:00 UTC	F
2024-08-31	ODIHAM	pt	2	2024-08-31 02:30:00 UTC	F
2024-08-31	ODIHAM	pt	3	2024-08-31 03:30:00 UTC	F
2024-08-31	ODIHAM	pt	4	2024-08-31 04:30:00 UTC	F
2024-08-31	ODIHAM	pt	5	2024-08-31 05:30:00 UTC	F
2024-08-31	ODIHAM	pt	6	2024-08-31 06:30:00 UTC	F
2024-08-31	ODIHAM	pt	7	2024-08-31 07:30:00 UTC	F
2024-08-31	ODIHAM	pt	8	2024-08-31 08:30:00 UTC	F
2024-08-31	ODIHAM	pt	9	2024-08-31 09:30:00 UTC	F
2024-08-31	ODIHAM	pt	10	2024-08-31 10:30:00 UTC	F
2024-08-31	ODIHAM	pt	11	2024-08-31 11:30:00 UTC	F
2024-08-31	ODIHAM	pt	12	2024-08-31 12:30:00 UTC	F
2024-08-31	ODIHAM	pt	13	2024-08-31 13:30:00 UTC	F
2024-08-31	ODIHAM	pt	14	2024-08-31 14:30:00 UTC	F
2024-08-31	ODIHAM	pt	15	2024-08-31 15:30:00 UTC	F
2024-08-31	ODIHAM	pt	16	2024-08-31 16:30:00 UTC	F
2024-08-31	ODIHAM	pt	17	2024-08-31 17:30:00 UTC	F
2024-08-31	ODIHAM	pt	18	2024-08-31 18:30:00 UTC	F
2024-08-31	ODIHAM	pt	19	2024-08-31 19:30:00 UTC	F
2024-08-31	ODIHAM	pt	20	2024-08-31 20:30:00 UTC	F
2024-08-31	ODIHAM	pt	21	2024-08-31 21:30:00 UTC	R
2024-08-31	ODIHAM	pt	22	2024-08-31 22:30:00 UTC	F
2024-08-31	ODIHAM	pt	23	2024-08-31 23:30:00 UTC	F
2024-09-01	ODIHAM	pt	0	2024-09-01 00:30:00 UTC	F
2024-09-01	ODIHAM	pt	1	2024-09-01 01:30:00 UTC	F
2024-09-01	ODIHAM	pt	2	2024-09-01 02:30:00 UTC	F
2024-09-01	ODIHAM	pt	3	2024-09-01 03:30:00 UTC	F
2024-09-01	ODIHAM	pt	4	2024-09-01 04:30:00 UTC	F
2024-09-01	ODIHAM	pt	5	2024-09-01 05:30:00 UTC	F
2024-09-01	ODIHAM	pt	6	2024-09-01 06:30:00 UTC	F
2024-09-01	ODIHAM	pt	7	2024-09-01 07:30:00 UTC	F
2024-09-01	ODIHAM	pt	8	2024-09-01 08:30:00 UTC	F
2024-09-01	ODIHAM	pt	9	2024-09-01 09:30:00 UTC	F
2024-09-01	ODIHAM	pt	10	2024-09-01 10:30:00 UTC	F
2024-09-01	ODIHAM	pt	11	2024-09-01 11:30:00 UTC	F
2024-09-01	ODIHAM	pt	12	2024-09-01 12:30:00 UTC	F
2024-09-01	ODIHAM	pt	13	2024-09-01 13:30:00 UTC	F
2024-09-01	ODIHAM	pt	14	2024-09-01 14:30:00 UTC	F
2024-09-01	ODIHAM	pt	15	2024-09-01 15:30:00 UTC	F
2024-09-01	ODIHAM	pt	16	2024-09-01 16:30:00 UTC	F
2024-09-01	ODIHAM	pt	17	2024-09-01 17:30:00 UTC	F
2024-09-01	ODIHAM	pt	18	2024-09-01 18:30:00 UTC	F
2024-09-01	ODIHAM	pt	19	2024-09-01 19:30:00 UTC	F
2024-09-01	ODIHAM	pt	20	2024-09-01 20:30:00 UTC	F
2024-09-01	ODIHAM	pt	21	2024-09-01 21:30:00 UTC	F
2024-09-01	ODIHAM	pt	22	2024-09-01 22:30:00 UTC	R
2024-09-01	ODIHAM	pt	23	2024-09-01 23:30:00 UTC	R
2024-09-02	ODIHAM	pt	0	2024-09-02 00:30:00 UTC	R
2024-09-02	ODIHAM	pt	1	2024-09-02 01:30:00 UTC	F
2024-09-02	ODIHAM	pt	2	2024-09-02 02:30:00 UTC	F
2024-09-02	ODIHAM	pt	3	2024-09-02 03:30:00 UTC	F
2024-09-02	ODIHAM	pt	4	2024-09-02 04:30:00 UTC	F
2024-09-02	ODIHAM	pt	5	2024-09-02 05:30:00 UTC	F
2024-09-02	ODIHAM	pt	6	2024-09-02 06:30:00 UTC	F
2024-09-02	ODIHAM	pt	7	2024-09-02 07:30:00 UTC	R
2024-09-02	ODIHAM	pt	8	2024-09-02 08:30:00 UTC	R
2024-09-02	ODIHAM	pt	9	2024-09-02 09:30:00 UTC	R
2024-09-02	ODIHAM	pt	10	2024-09-02 10:30:00 UTC	R
2024-09-02	ODIHAM	pt	11	2024-09-02 11:30:00 UTC	R
2024-09-02	ODIHAM	pt	12	2024-09-02 12:30:00 UTC	R
2024-09-02	ODIHAM	pt	13	2024-09-02 13:30:00 UTC	R
2024-09-02	ODIHAM	pt	14	2024-09-02 14:30:00 UTC	R
2024-09-02	ODIHAM	pt	15	2024-09-02 15:30:00 UTC	F
2024-09-02	ODIHAM	pt	16	2024-09-02 16:30:00 UTC	F
2024-09-02	ODIHAM	pt	17	2024-09-02 17:30:00 UTC	F
2024-08-26	ODIHAM	s	0	2024-08-26 00:30:00 UTC	11
2024-08-26	ODIHAM	s	1	2024-08-26 01:30:00 UTC	14
2024-08-26	ODIHAM	s	2	2024-08-26 02:30:00 UTC	13
2024-08-26	ODIHAM	s	3	2024-08-26 03:30:00 UTC	10
2024-08-26	ODIHAM	s	4	2024-08-26 04:30:00 UTC	11
2024-08-26	ODIHAM	s	5	2024-08-26 05:30:00 UTC	9
2024-08-26	ODIHAM	s	6	2024-08-26 06:30:00 UTC	8
2024-08-26	ODIHAM	s	7	2024-08-26 07:30:00 UTC	11
2024-08-26	ODIHAM	s	8	2024-08-26 08:30:00 UTC	13
2024-08-26	ODIHAM	s	9	2024-08-26 09:30:00 UTC	13
2024-08-26	ODIHAM	s	10	2024-08-26 10:30:00 UTC	14
2024-08-26	ODIHAM	s	11	2024-08-26 11:30:00 UTC	14
2024-08-26	ODIHAM	s	12	2024-08-26 12:30:00 UTC	13
2024-08-26	ODIHAM	s	13	2024-08-26 13:30:00 UTC	14
2024-08-26	ODIHAM	s	14	2024-08-26 14:30:00 UTC	13
2024-08-26	ODIHAM	s	15	2024-08-26 15:30:00 UTC	11
2024-08-26	ODIHAM	s	16	2024-08-26 16:30:00 UTC	13
2024-08-26	ODIHAM	s	17	2024-08-26 17:30:00 UTC	13
2024-08-26	ODIHAM	s	18	2024-08-26 18:30:00 UTC	11
2024-08-26	ODIHAM	s	19	2024-08-26 19:30:00 UTC	8
2024-08-26	ODIHAM	s	20	2024-08-26 20:30:00 UTC	10
2024-08-26	ODIHAM	s	21	2024-08-26 21:30:00 UTC	11
2024-08-26	ODIHAM	s	22	2024-08-26 22:30:00 UTC	10
2024-08-26	ODIHAM	s	23	2024-08-26 23:30:00 UTC	10
2024-08-27	ODIHAM	s	0	2024-08-27 00:30:00 UTC	9
2024-08-27	ODIHAM	s	1	2024-08-27 01:30:00 UTC	9
2024-08-27	ODIHAM	s	2	2024-08-27 02:30:00 UTC	8
2024-08-27	ODIHAM	s	3	2024-08-27 03:30:00 UTC	9
2024-08-27	ODIHAM	s	4	2024-08-27 04:30:00 UTC	9
2024-08-27	ODIHAM	s	5	2024-08-27 05:30:00 UTC	7
2024-08-27	ODIHAM	s	6	2024-08-27 06:30:00 UTC	8
2024-08-27	ODIHAM	s	7	2024-08-27 07:30:00 UTC	11
2024-08-27	ODIHAM	s	8	2024-08-27 08:30:00 UTC	9
2024-08-27	ODIHAM	s	9	2024-08-27 09:30:00 UTC	15
2024-08-27	ODIHAM	s	10	2024-08-27 10:30:00 UTC	15
2024-08-27	ODIHAM	s	11	2024-08-27 11:30:00 UTC	18
2024-08-27	ODIHAM	s	12	2024-08-27 12:30:00 UTC	16
2024-08-27	ODIHAM	s	13	2024-08-27 13:30:00 UTC	14
2024-08-27	ODIHAM	s	14	2024-08-27 14:30:00 UTC	16
2024-08-27	ODIHAM	s	15	2024-08-27 15:30:00 UTC	15
2024-08-27	ODIHAM	s	16	2024-08-27 16:30:00 UTC	13
2024-08-27	ODIHAM	s	17	2024-08-27 17:30:00 UTC	13
2024-08-27	ODIHAM	s	18	2024-08-27 18:30:00 UTC	11
2024-08-27	ODIHAM	s	19	2024-08-27 19:30:00 UTC	6
2024-08-27	ODIHAM	s	20	2024-08-27 20:30:00 UTC	6
2024-08-27	ODIHAM	s	21	2024-08-27 21:30:00 UTC	5
2024-08-27	ODIHAM	s	22	2024-08-27 22:30:00 UTC	3
2024-08-27	ODIHAM	s	23	2024-08-27 23:30:00 UTC	3
2024-08-28	ODIHAM	s	0	2024-08-28 00:30:00 UTC	5
2024-08-28	ODIHAM	s	1	2024-08-28 01:30:00 UTC	2
2024-08-28	ODIHAM	s	2	2024-08-28 02:30:00 UTC	3
2024-08-28	ODIHAM	s	3	2024-08-28 03:30:00 UTC	5
2024-08-28	ODIHAM	s	4	2024-08-28 04:30:00 UTC	6
2024-08-28	ODIHAM	s	5	2024-08-28 05:30:00 UTC	7
2024-08-28	ODIHAM	s	6	2024-08-28 06:30:00 UTC	7
2024-08-28	ODIHAM	s	7	2024-08-28 07:30:00 UTC	8
2024-08-28	ODIHAM	s	8	2024-08-28 08:30:00 UTC	5
2024-08-28	ODIHAM	s	9	2024-08-28 09:30:00 UTC	10
2024-08-28	ODIHAM	s	10	2024-08-28 10:30:00 UTC	9
2024-08-28	ODIHAM	s	11	2024-08-28 11:30:00 UTC	11
2024-08-28	ODIHAM	s	12	2024-08-28 12:30:00 UTC	9
2024-08-28	ODIHAM	s	13	2024-08-28 13:30:00 UTC	11
2024-08-28	ODIHAM	s	14	2024-08-28 14:30:00 UTC	13
2024-08-28	ODIHAM	s	15	2024-08-28 15:30:00 UTC	11
2024-08-28	ODIHAM	s	16	2024-08-28 16:30:00 UTC	11
2024-08-28	ODIHAM	s	17	2024-08-28 17:30:00 UTC	8
2024-08-28	ODIHAM	s	18	2024-08-28 18:30:00 UTC	8
2024-08-28	ODIHAM	s	19	2024-08-28 19:30:00 UTC	7
2024-08-28	ODIHAM	s	20	2024-08-28 20:30:00 UTC	7
2024-08-28	ODIHAM	s	21	2024-08-28 21:30:00 UTC	9
2024-08-28	ODIHAM	s	22	2024-08-28 22:30:00 UTC	7
2024-08-28	ODIHAM	s	23	2024-08-28 23:30:00 UTC	5
2024-08-29	ODIHAM	s	0	2024-08-29 00:30:00 UTC	5
2024-08-29	ODIHAM	s	1	2024-08-29 01:30:00 UTC	6
2024-08-29	ODIHAM	s	2	2024-08-29 02:30:00 UTC	8
2024-08-29	ODIHAM	s	3	2024-08-29 03:30:00 UTC	6
2024-08-29	ODIHAM	s	4	2024-08-29 04:30:00 UTC	6
2024-08-29	ODIHAM	s	5	2024-08-29 05:30:00 UTC	7
2024-08-29	ODIHAM	s	6	2024-08-29 06:30:00 UTC	7
2024-08-29	ODIHAM	s	7	2024-08-29 07:30:00 UTC	6
2024-08-29	ODIHAM	s	8	2024-08-29 08:30:00 UTC	7
2024-08-29	ODIHAM	s	9	2024-08-29 09:30:00 UTC	10
2024-08-29	ODIHAM	s	10	2024-08-29 10:30:00 UTC	14
2024-08-29	ODIHAM	s	11	2024-08-29 11:30:00 UTC	11
2024-08-29	ODIHAM	s	12	2024-08-29 12:30:00 UTC	10
2024-08-29	ODIHAM	s	13	2024-08-29 13:30:00 UTC	9
2024-08-29	ODIHAM	s	14	2024-08-29 14:30:00 UTC	11
2024-08-29	ODIHAM	s	15	2024-08-29 15:30:00 UTC	11
2024-08-29	ODIHAM	s	16	2024-08-29 16:30:00 UTC	8
2024-08-29	ODIHAM	s	17	2024-08-29 17:30:00 UTC	8
2024-08-29	ODIHAM	s	18	2024-08-29 18:30:00 UTC	6
2024-08-29	ODIHAM	s	19	2024-08-29 19:30:00 UTC	5
2024-08-29	ODIHAM	s	20	2024-08-29 20:30:00 UTC	3
2024-08-29	ODIHAM	s	21	2024-08-29 21:30:00 UTC	3
2024-08-29	ODIHAM	s	22	2024-08-29 22:30:00 UTC	5
2024-08-29	ODIHAM	s	23	2024-08-29 23:30:00 UTC	6
2024-08-30	ODIHAM	s	0	2024-08-30 00:30:00 UTC	2
2024-08-30	ODIHAM	s	1	2024-08-30 01:30:00 UTC	2
2024-08-30	ODIHAM	s	2	2024-08-30 02:30:00 UTC	3
2024-08-30	ODIHAM	s	3	2024-08-30 03:30:00 UTC	3
2024-08-30	ODIHAM	s	4	2024-08-30 04:30:00 UTC	3
2024-08-30	ODIHAM	s	5	2024-08-30 05:30:00 UTC	2
2024-08-30	ODIHAM	s	6	2024-08-30 06:30:00 UTC	2
2024-08-30	ODIHAM	s	7	2024-08-30 07:30:00 UTC	2
2024-08-30	ODIHAM	s	8	2024-08-30 08:30:00 UTC	3
2024-08-30	ODIHAM	s	9	2024-08-30 09:30:00 UTC	3
2024-08-30	ODIHAM	s	10	2024-08-30 10:30:00 UTC	6
2024-08-30	ODIHAM	s	11	2024-08-30 11:30:00 UTC	8
2024-08-30	ODIHAM	s	12	2024-08-30 12:30:00 UTC	6
2024-08-30	ODIHAM	s	13	2024-08-30 13:30:00 UTC	6
2024-08-30	ODIHAM	s	14	2024-08-30 14:30:00 UTC	8
2024-08-30	ODIHAM	s	15	2024-08-30 15:30:00 UTC	8
2024-08-30	ODIHAM	s	16	2024-08-30 16:30:00 UTC	9
2024-08-30	ODIHAM	s	17	2024-08-30 17:30:00 UTC	9
2024-08-30	ODIHAM	s	18	2024-08-30 18:30:00 UTC	11
2024-08-30	ODIHAM	s	19	2024-08-30 19:30:00 UTC	9
2024-08-30	ODIHAM	s	20	2024-08-30 20:30:00 UTC	7
2024-08-30	ODIHAM	s	21	2024-08-30 21:30:00 UTC	9
2024-08-30	ODIHAM	s	22	2024-08-30 22:30:00 UTC	8
2024-08-30	ODIHAM	s	23	2024-08-30 23:30:00 UTC	8
2024-08-31	ODIHAM	s	0	2024-08-31 00:30:00 UTC	5
2024-08-31	ODIHAM	s	1	2024-08-31 01:30:00 UTC	7
2024-08-31	ODIHAM	s	2	2024-08-31 02:30:00 UTC	6
2024-08-31	ODIHAM	s	3	2024-08-31 03:30:00 UTC	5
2024-08-31	ODIHAM	s	4	2024-08-31 04:30:00 UTC	7
2024-08-31	ODIHAM	s	5	2024-08-31 05:30:00 UTC	7
2024-08-31	ODIHAM	s	6	2024-08-31 06:30:00 UTC	7
2024-08-31	ODIHAM	s	7	2024-08-31 07:30:00 UTC	8
2024-08-31	ODIHAM	s	8	2024-08-31 08:30:00 UTC	10
2024-08-31	ODIHAM	s	9	2024-08-31 09:30:00 UTC	10
2024-08-31	ODIHAM	s	10	2024-08-31 10:30:00 UTC	10
2024-08-31	ODIHAM	s	11	2024-08-31 11:30:00 UTC	13
2024-08-31	ODIHAM	s	12	2024-08-31 12:30:00 UTC	14
2024-08-31	ODIHAM	s	13	2024-08-31 13:30:00 UTC	9
2024-08-31	ODIHAM	s	14	2024-08-31 14:30:00 UTC	15
2024-08-31	ODIHAM	s	15	2024-08-31 15:30:00 UTC	11
2024-08-31	ODIHAM	s	16	2024-08-31 16:30:00 UTC	11
2024-08-31	ODIHAM	s	17	2024-08-31 17:30:00 UTC	13
2024-08-31	ODIHAM	s	18	2024-08-31 18:30:00 UTC	14
2024-08-31	ODIHAM	s	19	2024-08-31 19:30:00 UTC	11
2024-08-31	ODIHAM	s	20	2024-08-31 20:30:00 UTC	8
2024-08-31	ODIHAM	s	21	2024-08-31 21:30:00 UTC	8
2024-08-31	ODIHAM	s	22	2024-08-31 22:30:00 UTC	8
2024-08-31	ODIHAM	s	23	2024-08-31 23:30:00 UTC	8
2024-09-01	ODIHAM	s	0	2024-09-01 00:30:00 UTC	8
2024-09-01	ODIHAM	s	1	2024-09-01 01:30:00 UTC	6
2024-09-01	ODIHAM	s	2	2024-09-01 02:30:00 UTC	7
2024-09-01	ODIHAM	s	3	2024-09-01 03:30:00 UTC	6
2024-09-01	ODIHAM	s	4	2024-09-01 04:30:00 UTC	5
2024-09-01	ODIHAM	s	5	2024-09-01 05:30:00 UTC	5
2024-09-01	ODIHAM	s	6	2024-09-01 06:30:00 UTC	5
2024-09-01	ODIHAM	s	7	2024-09-01 07:30:00 UTC	6
2024-09-01	ODIHAM	s	8	2024-09-01 08:30:00 UTC	8
2024-09-01	ODIHAM	s	9	2024-09-01 09:30:00 UTC	9
2024-09-01	ODIHAM	s	10	2024-09-01 10:30:00 UTC	10
2024-09-01	ODIHAM	s	11	2024-09-01 11:30:00 UTC	8
2024-09-01	ODIHAM	s	12	2024-09-01 12:30:00 UTC	10
2024-09-01	ODIHAM	s	13	2024-09-01 13:30:00 UTC	9
2024-09-01	ODIHAM	s	14	2024-09-01 14:30:00 UTC	11
2024-09-01	ODIHAM	s	15	2024-09-01 15:30:00 UTC	9
2024-09-01	ODIHAM	s	16	2024-09-01 16:30:00 UTC	8
2024-09-01	ODIHAM	s	17	2024-09-01 17:30:00 UTC	10
2024-09-01	ODIHAM	s	18	2024-09-01 18:30:00 UTC	8
2024-09-01	ODIHAM	s	19	2024-09-01 19:30:00 UTC	7
2024-09-01	ODIHAM	s	20	2024-09-01 20:30:00 UTC	7
2024-09-01	ODIHAM	s	21	2024-09-01 21:30:00 UTC	6
2024-09-01	ODIHAM	s	22	2024-09-01 22:30:00 UTC	5
2024-09-01	ODIHAM	s	23	2024-09-01 23:30:00 UTC	9
2024-09-02	ODIHAM	s	0	2024-09-02 00:30:00 UTC	6
2024-09-02	ODIHAM	s	1	2024-09-02 01:30:00 UTC	3
2024-09-02	ODIHAM	s	2	2024-09-02 02:30:00 UTC	6
2024-09-02	ODIHAM	s	3	2024-09-02 03:30:00 UTC	5
2024-09-02	ODIHAM	s	4	2024-09-02 04:30:00 UTC	5
2024-09-02	ODIHAM	s	5	2024-09-02 05:30:00 UTC	7
2024-09-02	ODIHAM	s	6	2024-09-02 06:30:00 UTC	10
2024-09-02	ODIHAM	s	7	2024-09-02 07:30:00 UTC	9
2024-09-02	ODIHAM	s	8	2024-09-02 08:30:00 UTC	7
2024-09-02	ODIHAM	s	9	2024-09-02 09:30:00 UTC	10
2024-09-02	ODIHAM	s	10	2024-09-02 10:30:00 UTC	11
2024-09-02	ODIHAM	s	11	2024-09-02 11:30:00 UTC	11
2024-09-02	ODIHAM	s	12	2024-09-02 12:30:00 UTC	11
2024-09-02	ODIHAM	s	13	2024-09-02 13:30:00 UTC	9
2024-09-02	ODIHAM	s	14	2024-09-02 14:30:00 UTC	11
2024-09-02	ODIHAM	s	15	2024-09-02 15:30:00 UTC	10
2024-09-02	ODIHAM	s	16	2024-09-02 16:30:00 UTC	9
2024-09-02	ODIHAM	s	17	2024-09-02 17:30:00 UTC	9
2024-08-26	ODIHAM	t	0	2024-08-26 00:30:00 UTC	14.5
2024-08-26	ODIHAM	t	1	2024-08-26 01:30:00 UTC	14.8
2024-08-26	ODIHAM	t	2	2024-08-26 02:30:00 UTC	14.9
2024-08-26	ODIHAM	t	3	2024-08-26 03:30:00 UTC	14.8
2024-08-26	ODIHAM	t	4	2024-08-26 04:30:00 UTC	14.9
2024-08-26	ODIHAM	t	5	2024-08-26 05:30:00 UTC	14.0
2024-08-26	ODIHAM	t	6	2024-08-26 06:30:00 UTC	13.6
2024-08-26	ODIHAM	t	7	2024-08-26 07:30:00 UTC	14.8
2024-08-26	ODIHAM	t	8	2024-08-26 08:30:00 UTC	16.0
2024-08-26	ODIHAM	t	9	2024-08-26 09:30:00 UTC	17.1
2024-08-26	ODIHAM	t	10	2024-08-26 10:30:00 UTC	17.2
2024-08-26	ODIHAM	t	11	2024-08-26 11:30:00 UTC	19.2
2024-08-26	ODIHAM	t	12	2024-08-26 12:30:00 UTC	19.8
2024-08-26	ODIHAM	t	13	2024-08-26 13:30:00 UTC	20.5
2024-08-26	ODIHAM	t	14	2024-08-26 14:30:00 UTC	20.5
2024-08-26	ODIHAM	t	15	2024-08-26 15:30:00 UTC	19.6
2024-08-26	ODIHAM	t	16	2024-08-26 16:30:00 UTC	20.6
2024-08-26	ODIHAM	t	17	2024-08-26 17:30:00 UTC	19.6
2024-08-26	ODIHAM	t	18	2024-08-26 18:30:00 UTC	18.4
2024-08-26	ODIHAM	t	19	2024-08-26 19:30:00 UTC	16.8
2024-08-26	ODIHAM	t	20	2024-08-26 20:30:00 UTC	15.9
2024-08-26	ODIHAM	t	21	2024-08-26 21:30:00 UTC	15.6
2024-08-26	ODIHAM	t	22	2024-08-26 22:30:00 UTC	15.2
2024-08-26	ODIHAM	t	23	2024-08-26 23:30:00 UTC	15.8
2024-08-27	ODIHAM	t	0	2024-08-27 00:30:00 UTC	15.9
2024-08-27	ODIHAM	t	1	2024-08-27 01:30:00 UTC	15.7
2024-08-27	ODIHAM	t	2	2024-08-27 02:30:00 UTC	15.4
2024-08-27	ODIHAM	t	3	2024-08-27 03:30:00 UTC	15.2
2024-08-27	ODIHAM	t	4	2024-08-27 04:30:00 UTC	15.2
2024-08-27	ODIHAM	t	5	2024-08-27 05:30:00 UTC	15.7
2024-08-27	ODIHAM	t	6	2024-08-27 06:30:00 UTC	15.4
2024-08-27	ODIHAM	t	7	2024-08-27 07:30:00 UTC	16.8
2024-08-27	ODIHAM	t	8	2024-08-27 08:30:00 UTC	17.7
2024-08-27	ODIHAM	t	9	2024-08-27 09:30:00 UTC	19.3
2024-08-27	ODIHAM	t	10	2024-08-27 10:30:00 UTC	19.7
2024-08-27	ODIHAM	t	11	2024-08-27 11:30:00 UTC	20.9
2024-08-27	ODIHAM	t	12	2024-08-27 12:30:00 UTC	21.7
2024-08-27	ODIHAM	t	13	2024-08-27 13:30:00 UTC	23.0
2024-08-27	ODIHAM	t	14	2024-08-27 14:30:00 UTC	23.4
2024-08-27	ODIHAM	t	15	2024-08-27 15:30:00 UTC	23.3
2024-08-27	ODIHAM	t	16	2024-08-27 16:30:00 UTC	22.9
2024-08-27	ODIHAM	t	17	2024-08-27 17:30:00 UTC	22.4
2024-08-27	ODIHAM	t	18	2024-08-27 18:30:00 UTC	20.5
2024-08-27	ODIHAM	t	19	2024-08-27 19:30:00 UTC	17.3
2024-08-27	ODIHAM	t	20	2024-08-27 20:30:00 UTC	15.2
2024-08-27	ODIHAM	t	21	2024-08-27 21:30:00 UTC	15.2
2024-08-27	ODIHAM	t	22	2024-08-27 22:30:00 UTC	15.1
2024-08-27	ODIHAM	t	23	2024-08-27 23:30:00 UTC	14.3
2024-08-28	ODIHAM	t	0	2024-08-28 00:30:00 UTC	14.8
2024-08-28	ODIHAM	t	1	2024-08-28 01:30:00 UTC	14.4
2024-08-28	ODIHAM	t	2	2024-08-28 02:30:00 UTC	13.9
2024-08-28	ODIHAM	t	3	2024-08-28 03:30:00 UTC	13.6
2024-08-28	ODIHAM	t	4	2024-08-28 04:30:00 UTC	13.5
2024-08-28	ODIHAM	t	5	2024-08-28 05:30:00 UTC	13.6
2024-08-28	ODIHAM	t	6	2024-08-28 06:30:00 UTC	14.3
2024-08-28	ODIHAM	t	7	2024-08-28 07:30:00 UTC	15.3
2024-08-28	ODIHAM	t	8	2024-08-28 08:30:00 UTC	17.2
2024-08-28	ODIHAM	t	9	2024-08-28 09:30:00 UTC	20.5
2024-08-28	ODIHAM	t	10	2024-08-28 10:30:00 UTC	22.4
2024-08-28	ODIHAM	t	11	2024-08-28 11:30:00 UTC	24.7
2024-08-28	ODIHAM	t	12	2024-08-28 12:30:00 UTC	25.4
2024-08-28	ODIHAM	t	13	2024-08-28 13:30:00 UTC	26.0
2024-08-28	ODIHAM	t	14	2024-08-28 14:30:00 UTC	26.2
2024-08-28	ODIHAM	t	15	2024-08-28 15:30:00 UTC	25.5
2024-08-28	ODIHAM	t	16	2024-08-28 16:30:00 UTC	25.5
2024-08-28	ODIHAM	t	17	2024-08-28 17:30:00 UTC	24.0
2024-08-28	ODIHAM	t	18	2024-08-28 18:30:00 UTC	22.7
2024-08-28	ODIHAM	t	19	2024-08-28 19:30:00 UTC	22.1
2024-08-28	ODIHAM	t	20	2024-08-28 20:30:00 UTC	20.9
2024-08-28	ODIHAM	t	21	2024-08-28 21:30:00 UTC	18.4
2024-08-28	ODIHAM	t	22	2024-08-28 22:30:00 UTC	16.8
2024-08-28	ODIHAM	t	23	2024-08-28 23:30:00 UTC	15.6
2024-08-29	ODIHAM	t	0	2024-08-29 00:30:00 UTC	14.8
2024-08-29	ODIHAM	t	1	2024-08-29 01:30:00 UTC	14.0
2024-08-29	ODIHAM	t	2	2024-08-29 02:30:00 UTC	13.7
2024-08-29	ODIHAM	t	3	2024-08-29 03:30:00 UTC	12.8
2024-08-29	ODIHAM	t	4	2024-08-29 04:30:00 UTC	11.9
2024-08-29	ODIHAM	t	5	2024-08-29 05:30:00 UTC	11.7
2024-08-29	ODIHAM	t	6	2024-08-29 06:30:00 UTC	11.5
2024-08-29	ODIHAM	t	7	2024-08-29 07:30:00 UTC	12.6
2024-08-29	ODIHAM	t	8	2024-08-29 08:30:00 UTC	14.9
2024-08-29	ODIHAM	t	9	2024-08-29 09:30:00 UTC	16.8
2024-08-29	ODIHAM	t	10	2024-08-29 10:30:00 UTC	17.9
2024-08-29	ODIHAM	t	11	2024-08-29 11:30:00 UTC	18.6
2024-08-29	ODIHAM	t	12	2024-08-29 12:30:00 UTC	19.8
2024-08-29	ODIHAM	t	13	2024-08-29 13:30:00 UTC	19.9
2024-08-29	ODIHAM	t	14	2024-08-29 14:30:00 UTC	20.1
2024-08-29	ODIHAM	t	15	2024-08-29 15:30:00 UTC	20.1
2024-08-29	ODIHAM	t	16	2024-08-29 16:30:00 UTC	20.1
2024-08-29	ODIHAM	t	17	2024-08-29 17:30:00 UTC	20.5
2024-08-29	ODIHAM	t	18	2024-08-29 18:30:00 UTC	19.7
2024-08-29	ODIHAM	t	19	2024-08-29 19:30:00 UTC	17.8
2024-08-29	ODIHAM	t	20	2024-08-29 20:30:00 UTC	16.3
2024-08-29	ODIHAM	t	21	2024-08-29 21:30:00 UTC	14.9
2024-08-29	ODIHAM	t	22	2024-08-29 22:30:00 UTC	14.8
2024-08-29	ODIHAM	t	23	2024-08-29 23:30:00 UTC	13.6
2024-08-30	ODIHAM	t	0	2024-08-30 00:30:00 UTC	11.1
2024-08-30	ODIHAM	t	1	2024-08-30 01:30:00 UTC	10.4
2024-08-30	ODIHAM	t	2	2024-08-30 02:30:00 UTC	12.5
2024-08-30	ODIHAM	t	3	2024-08-30 03:30:00 UTC	12.2
2024-08-30	ODIHAM	t	4	2024-08-30 04:30:00 UTC	11.2
2024-08-30	ODIHAM	t	5	2024-08-30 05:30:00 UTC	10.4
2024-08-30	ODIHAM	t	6	2024-08-30 06:30:00 UTC	9.7
2024-08-30	ODIHAM	t	7	2024-08-30 07:30:00 UTC	10.6
2024-08-30	ODIHAM	t	8	2024-08-30 08:30:00 UTC	13.8
2024-08-30	ODIHAM	t	9	2024-08-30 09:30:00 UTC	15.9
2024-08-30	ODIHAM	t	10	2024-08-30 10:30:00 UTC	18.3
2024-08-30	ODIHAM	t	11	2024-08-30 11:30:00 UTC	18.7
2024-08-30	ODIHAM	t	12	2024-08-30 12:30:00 UTC	19.2
2024-08-30	ODIHAM	t	13	2024-08-30 13:30:00 UTC	20.9
2024-08-30	ODIHAM	t	14	2024-08-30 14:30:00 UTC	20.5
2024-08-30	ODIHAM	t	15	2024-08-30 15:30:00 UTC	20.8
2024-08-30	ODIHAM	t	16	2024-08-30 16:30:00 UTC	21.6
2024-08-30	ODIHAM	t	17	2024-08-30 17:30:00 UTC	21.4
2024-08-30	ODIHAM	t	18	2024-08-30 18:30:00 UTC	20.0
2024-08-30	ODIHAM	t	19	2024-08-30 19:30:00 UTC	17.9
2024-08-30	ODIHAM	t	20	2024-08-30 20:30:00 UTC	16.1
2024-08-30	ODIHAM	t	21	2024-08-30 21:30:00 UTC	15.9
2024-08-30	ODIHAM	t	22	2024-08-30 22:30:00 UTC	15.1
2024-08-30	ODIHAM	t	23	2024-08-30 23:30:00 UTC	14.7
2024-08-31	ODIHAM	t	0	2024-08-31 00:30:00 UTC	13.9
2024-08-31	ODIHAM	t	1	2024-08-31 01:30:00 UTC	13.5
2024-08-31	ODIHAM	t	2	2024-08-31 02:30:00 UTC	12.9
2024-08-31	ODIHAM	t	3	2024-08-31 03:30:00 UTC	12.4
2024-08-31	ODIHAM	t	4	2024-08-31 04:30:00 UTC	12.7
2024-08-31	ODIHAM	t	5	2024-08-31 05:30:00 UTC	12.7
2024-08-31	ODIHAM	t	6	2024-08-31 06:30:00 UTC	13.1
2024-08-31	ODIHAM	t	7	2024-08-31 07:30:00 UTC	13.9
2024-08-31	ODIHAM	t	8	2024-08-31 08:30:00 UTC	14.6
2024-08-31	ODIHAM	t	9	2024-08-31 09:30:00 UTC	15.0
2024-08-31	ODIHAM	t	10	2024-08-31 10:30:00 UTC	16.6
2024-08-31	ODIHAM	t	11	2024-08-31 11:30:00 UTC	17.8
2024-08-31	ODIHAM	t	12	2024-08-31 12:30:00 UTC	18.3
2024-08-31	ODIHAM	t	13	2024-08-31 13:30:00 UTC	18.6
2024-08-31	ODIHAM	t	14	2024-08-31 14:30:00 UTC	18.9
2024-08-31	ODIHAM	t	15	2024-08-31 15:30:00 UTC	19.0
2024-08-31	ODIHAM	t	16	2024-08-31 16:30:00 UTC	18.7
2024-08-31	ODIHAM	t	17	2024-08-31 17:30:00 UTC	17.9
2024-08-31	ODIHAM	t	18	2024-08-31 18:30:00 UTC	17.4
2024-08-31	ODIHAM	t	19	2024-08-31 19:30:00 UTC	17.4
2024-08-31	ODIHAM	t	20	2024-08-31 20:30:00 UTC	17.3
2024-08-31	ODIHAM	t	21	2024-08-31 21:30:00 UTC	17.4
2024-08-31	ODIHAM	t	22	2024-08-31 22:30:00 UTC	17.3
2024-08-31	ODIHAM	t	23	2024-08-31 23:30:00 UTC	17.2
2024-09-01	ODIHAM	t	0	2024-09-01 00:30:00 UTC	16.6
2024-09-01	ODIHAM	t	1	2024-09-01 01:30:00 UTC	16.1
2024-09-01	ODIHAM	t	2	2024-09-01 02:30:00 UTC	15.7
2024-09-01	ODIHAM	t	3	2024-09-01 03:30:00 UTC	15.1
2024-09-01	ODIHAM	t	4	2024-09-01 04:30:00 UTC	15.0
2024-09-01	ODIHAM	t	5	2024-09-01 05:30:00 UTC	15.2
2024-09-01	ODIHAM	t	6	2024-09-01 06:30:00 UTC	15.4
2024-09-01	ODIHAM	t	7	2024-09-01 07:30:00 UTC	16.1
2024-09-01	ODIHAM	t	8	2024-09-01 08:30:00 UTC	17.3
2024-09-01	ODIHAM	t	9	2024-09-01 09:30:00 UTC	19.0
2024-09-01	ODIHAM	t	10	2024-09-01 10:30:00 UTC	22.6
2024-09-01	ODIHAM	t	11	2024-09-01 11:30:00 UTC	23.2
2024-09-01	ODIHAM	t	12	2024-09-01 12:30:00 UTC	24.9
2024-09-01	ODIHAM	t	13	2024-09-01 13:30:00 UTC	25.9
2024-09-01	ODIHAM	t	14	2024-09-01 14:30:00 UTC	27.2
2024-09-01	ODIHAM	t	15	2024-09-01 15:30:00 UTC	27.8
2024-09-01	ODIHAM	t	16	2024-09-01 16:30:00 UTC	27.0
2024-09-01	ODIHAM	t	17	2024-09-01 17:30:00 UTC	24.4
2024-09-01	ODIHAM	t	18	2024-09-01 18:30:00 UTC	23.1
2024-09-01	ODIHAM	t	19	2024-09-01 19:30:00 UTC	20.8
2024-09-01	ODIHAM	t	20	2024-09-01 20:30:00 UTC	19.8
2024-09-01	ODIHAM	t	21	2024-09-01 21:30:00 UTC	18.6
2024-09-01	ODIHAM	t	22	2024-09-01 22:30:00 UTC	19.5
2024-09-01	ODIHAM	t	23	2024-09-01 23:30:00 UTC	18.9
2024-09-02	ODIHAM	t	0	2024-09-02 00:30:00 UTC	18.4
2024-09-02	ODIHAM	t	1	2024-09-02 01:30:00 UTC	19.0
2024-09-02	ODIHAM	t	2	2024-09-02 02:30:00 UTC	18.9
2024-09-02	ODIHAM	t	3	2024-09-02 03:30:00 UTC	18.6
2024-09-02	ODIHAM	t	4	2024-09-02 04:30:00 UTC	18.6
2024-09-02	ODIHAM	t	5	2024-09-02 05:30:00 UTC	18.7
2024-09-02	ODIHAM	t	6	2024-09-02 06:30:00 UTC	18.4
2024-09-02	ODIHAM	t	7	2024-09-02 07:30:00 UTC	18.2
2024-09-02	ODIHAM	t	8	2024-09-02 08:30:00 UTC	18.4
2024-09-02	ODIHAM	t	9	2024-09-02 09:30:00 UTC	18.6
2024-09-02	ODIHAM	t	10	2024-09-02 10:30:00 UTC	18.1
2024-09-02	ODIHAM	t	11	2024-09-02 11:30:00 UTC	18.4
2024-09-02	ODIHAM	t	12	2024-09-02 12:30:00 UTC	19.5
2024-09-02	ODIHAM	t	13	2024-09-02 13:30:00 UTC	20.3
2024-09-02	ODIHAM	t	14	2024-09-02 14:30:00 UTC	21.3
2024-09-02	ODIHAM	t	15	2024-09-02 15:30:00 UTC	20.3
2024-09-02	ODIHAM	t	16	2024-09-02 16:30:00 UTC	19.8
2024-09-02	ODIHAM	t	17	2024-09-02 17:30:00 UTC	19.0
2024-08-26	ODIHAM	v	0	2024-08-26 00:30:00 UTC	27000
2024-08-26	ODIHAM	v	1	2024-08-26 01:30:00 UTC	26000
2024-08-26	ODIHAM	v	2	2024-08-26 02:30:00 UTC	25000
2024-08-26	ODIHAM	v	3	2024-08-26 03:30:00 UTC	22000
2024-08-26	ODIHAM	v	4	2024-08-26 04:30:00 UTC	5000
2024-08-26	ODIHAM	v	5	2024-08-26 05:30:00 UTC	29000
2024-08-26	ODIHAM	v	6	2024-08-26 06:30:00 UTC	26000
2024-08-26	ODIHAM	v	7	2024-08-26 07:30:00 UTC	21000
2024-08-26	ODIHAM	v	8	2024-08-26 08:30:00 UTC	21000
2024-08-26	ODIHAM	v	9	2024-08-26 09:30:00 UTC	26000
2024-08-26	ODIHAM	v	10	2024-08-26 10:30:00 UTC	23000
2024-08-26	ODIHAM	v	11	2024-08-26 11:30:00 UTC	28000
2024-08-26	ODIHAM	v	12	2024-08-26 12:30:00 UTC	30000
2024-08-26	ODIHAM	v	13	2024-08-26 13:30:00 UTC	28000
2024-08-26	ODIHAM	v	14	2024-08-26 14:30:00 UTC	26000
2024-08-26	ODIHAM	v	15	2024-08-26 15:30:00 UTC	23000
2024-08-26	ODIHAM	v	16	2024-08-26 16:30:00 UTC	26000
2024-08-26	ODIHAM	v	17	2024-08-26 17:30:00 UTC	28000
2024-08-26	ODIHAM	v	18	2024-08-26 18:30:00 UTC	28000
2024-08-26	ODIHAM	v	19	2024-08-26 19:30:00 UTC	24000
2024-08-26	ODIHAM	v	20	2024-08-26 20:30:00 UTC	21000
2024-08-26	ODIHAM	v	21	2024-08-26 21:30:00 UTC	20000
2024-08-26	ODIHAM	v	22	2024-08-26 22:30:00 UTC	18000
2024-08-26	ODIHAM	v	23	2024-08-26 23:30:00 UTC	17000
2024-08-27	ODIHAM	v	0	2024-08-27 00:30:00 UTC	15000
2024-08-27	ODIHAM	v	1	2024-08-27 01:30:00 UTC	21000
2024-08-27	ODIHAM	v	2	2024-08-27 02:30:00 UTC	18000
2024-08-27	ODIHAM	v	3	2024-08-27 03:30:00 UTC	20000
2024-08-27	ODIHAM	v	4	2024-08-27 04:30:00 UTC	23000
2024-08-27	ODIHAM	v	5	2024-08-27 05:30:00 UTC	21000
2024-08-27	ODIHAM	v	6	2024-08-27 06:30:00 UTC	18000
2024-08-27	ODIHAM	v	7	2024-08-27 07:30:00 UTC	23000
2024-08-27	ODIHAM	v	8	2024-08-27 08:30:00 UTC	30000
2024-08-27	ODIHAM	v	9	2024-08-27 09:30:00 UTC	35000
2024-08-27	ODIHAM	v	10	2024-08-27 10:30:00 UTC	40000
2024-08-27	ODIHAM	v	11	2024-08-27 11:30:00 UTC	40000
2024-08-27	ODIHAM	v	12	2024-08-27 12:30:00 UTC	40000
2024-08-27	ODIHAM	v	13	2024-08-27 13:30:00 UTC	55000
2024-08-27	ODIHAM	v	14	2024-08-27 14:30:00 UTC	40000
2024-08-27	ODIHAM	v	15	2024-08-27 15:30:00 UTC	40000
2024-08-27	ODIHAM	v	16	2024-08-27 16:30:00 UTC	45000
2024-08-27	ODIHAM	v	17	2024-08-27 17:30:00 UTC	40000
2024-08-27	ODIHAM	v	18	2024-08-27 18:30:00 UTC	40000
2024-08-27	ODIHAM	v	19	2024-08-27 19:30:00 UTC	35000
2024-08-27	ODIHAM	v	20	2024-08-27 20:30:00 UTC	40000
2024-08-27	ODIHAM	v	21	2024-08-27 21:30:00 UTC	35000
2024-08-27	ODIHAM	v	22	2024-08-27 22:30:00 UTC	35000
2024-08-27	ODIHAM	v	23	2024-08-27 23:30:00 UTC	35000
2024-08-28	ODIHAM	v	0	2024-08-28 00:30:00 UTC	35000
2024-08-28	ODIHAM	v	1	2024-08-28 01:30:00 UTC	30000
2024-08-28	ODIHAM	v	2	2024-08-28 02:30:00 UTC	35000
2024-08-28	ODIHAM	v	3	2024-08-28 03:30:00 UTC	25000
2024-08-28	ODIHAM	v	4	2024-08-28 04:30:00 UTC	26000
2024-08-28	ODIHAM	v	5	2024-08-28 05:30:00 UTC	27000
2024-08-28	ODIHAM	v	6	2024-08-28 06:30:00 UTC	27000
2024-08-28	ODIHAM	v	7	2024-08-28 07:30:00 UTC	30000
2024-08-28	ODIHAM	v	8	2024-08-28 08:30:00 UTC	30000
2024-08-28	ODIHAM	v	9	2024-08-28 09:30:00 UTC	30000
2024-08-28	ODIHAM	v	10	2024-08-28 10:30:00 UTC	30000
2024-08-28	ODIHAM	v	11	2024-08-28 11:30:00 UTC	35000
2024-08-28	ODIHAM	v	12	2024-08-28 12:30:00 UTC	35000
2024-08-28	ODIHAM	v	13	2024-08-28 13:30:00 UTC	45000
2024-08-28	ODIHAM	v	14	2024-08-28 14:30:00 UTC	40000
2024-08-28	ODIHAM	v	15	2024-08-28 15:30:00 UTC	35000
2024-08-28	ODIHAM	v	16	2024-08-28 16:30:00 UTC	30000
2024-08-28	ODIHAM	v	17	2024-08-28 17:30:00 UTC	30000
2024-08-28	ODIHAM	v	18	2024-08-28 18:30:00 UTC	28000
2024-08-28	ODIHAM	v	19	2024-08-28 19:30:00 UTC	25000
2024-08-28	ODIHAM	v	20	2024-08-28 20:30:00 UTC	23000
2024-08-28	ODIHAM	v	21	2024-08-28 21:30:00 UTC	40000
2024-08-28	ODIHAM	v	22	2024-08-28 22:30:00 UTC	45000
2024-08-28	ODIHAM	v	23	2024-08-28 23:30:00 UTC	45000
2024-08-29	ODIHAM	v	0	2024-08-29 00:30:00 UTC	45000
2024-08-29	ODIHAM	v	1	2024-08-29 01:30:00 UTC	35000
2024-08-29	ODIHAM	v	2	2024-08-29 02:30:00 UTC	30000
2024-08-29	ODIHAM	v	3	2024-08-29 03:30:00 UTC	28000
2024-08-29	ODIHAM	v	4	2024-08-29 04:30:00 UTC	19000
2024-08-29	ODIHAM	v	5	2024-08-29 05:30:00 UTC	19000
2024-08-29	ODIHAM	v	6	2024-08-29 06:30:00 UTC	20000
2024-08-29	ODIHAM	v	7	2024-08-29 07:30:00 UTC	20000
2024-08-29	ODIHAM	v	8	2024-08-29 08:30:00 UTC	28000
2024-08-29	ODIHAM	v	9	2024-08-29 09:30:00 UTC	30000
2024-08-29	ODIHAM	v	10	2024-08-29 10:30:00 UTC	35000
2024-08-29	ODIHAM	v	11	2024-08-29 11:30:00 UTC	45000
2024-08-29	ODIHAM	v	12	2024-08-29 12:30:00 UTC	35000
2024-08-29	ODIHAM	v	13	2024-08-29 13:30:00 UTC	45000
2024-08-29	ODIHAM	v	14	2024-08-29 14:30:00 UTC	35000
2024-08-29	ODIHAM	v	15	2024-08-29 15:30:00 UTC	40000
2024-08-29	ODIHAM	v	16	2024-08-29 16:30:00 UTC	50000
2024-08-29	ODIHAM	v	17	2024-08-29 17:30:00 UTC	45000
2024-08-29	ODIHAM	v	18	2024-08-29 18:30:00 UTC	45000
2024-08-29	ODIHAM	v	19	2024-08-29 19:30:00 UTC	30000
2024-08-29	ODIHAM	v	20	2024-08-29 20:30:00 UTC	26000
2024-08-29	ODIHAM	v	21	2024-08-29 21:30:00 UTC	25000
2024-08-29	ODIHAM	v	22	2024-08-29 22:30:00 UTC	20000
2024-08-29	ODIHAM	v	23	2024-08-29 23:30:00 UTC	16000
2024-08-30	ODIHAM	v	0	2024-08-30 00:30:00 UTC	14000
2024-08-30	ODIHAM	v	1	2024-08-30 01:30:00 UTC	13000
2024-08-30	ODIHAM	v	2	2024-08-30 02:30:00 UTC	11000
2024-08-30	ODIHAM	v	3	2024-08-30 03:30:00 UTC	10000
2024-08-30	ODIHAM	v	4	2024-08-30 04:30:00 UTC	9000
2024-08-30	ODIHAM	v	5	2024-08-30 05:30:00 UTC	8000
2024-08-30	ODIHAM	v	6	2024-08-30 06:30:00 UTC	7000
2024-08-30	ODIHAM	v	7	2024-08-30 07:30:00 UTC	7000
2024-08-30	ODIHAM	v	8	2024-08-30 08:30:00 UTC	12000
2024-08-30	ODIHAM	v	9	2024-08-30 09:30:00 UTC	15000
2024-08-30	ODIHAM	v	10	2024-08-30 10:30:00 UTC	21000
2024-08-30	ODIHAM	v	11	2024-08-30 11:30:00 UTC	21000
2024-08-30	ODIHAM	v	12	2024-08-30 12:30:00 UTC	22000
2024-08-30	ODIHAM	v	13	2024-08-30 13:30:00 UTC	22000
2024-08-30	ODIHAM	v	14	2024-08-30 14:30:00 UTC	23000
2024-08-30	ODIHAM	v	15	2024-08-30 15:30:00 UTC	25000
2024-08-30	ODIHAM	v	16	2024-08-30 16:30:00 UTC	25000
2024-08-30	ODIHAM	v	17	2024-08-30 17:30:00 UTC	28000
2024-08-30	ODIHAM	v	18	2024-08-30 18:30:00 UTC	30000
2024-08-30	ODIHAM	v	19	2024-08-30 19:30:00 UTC	30000
2024-08-30	ODIHAM	v	20	2024-08-30 20:30:00 UTC	27000
2024-08-30	ODIHAM	v	21	2024-08-30 21:30:00 UTC	30000
2024-08-30	ODIHAM	v	22	2024-08-30 22:30:00 UTC	25000
2024-08-30	ODIHAM	v	23	2024-08-30 23:30:00 UTC	30000
2024-08-31	ODIHAM	v	0	2024-08-31 00:30:00 UTC	30000
2024-08-31	ODIHAM	v	1	2024-08-31 01:30:00 UTC	29000
2024-08-31	ODIHAM	v	2	2024-08-31 02:30:00 UTC	17000
2024-08-31	ODIHAM	v	3	2024-08-31 03:30:00 UTC	13000
2024-08-31	ODIHAM	v	4	2024-08-31 04:30:00 UTC	10000
2024-08-31	ODIHAM	v	5	2024-08-31 05:30:00 UTC	9000
2024-08-31	ODIHAM	v	6	2024-08-31 06:30:00 UTC	9000
2024-08-31	ODIHAM	v	7	2024-08-31 07:30:00 UTC	11000
2024-08-31	ODIHAM	v	8	2024-08-31 08:30:00 UTC	12000
2024-08-31	ODIHAM	v	9	2024-08-31 09:30:00 UTC	4700
2024-08-31	ODIHAM	v	10	2024-08-31 10:30:00 UTC	17000
2024-08-31	ODIHAM	v	11	2024-08-31 11:30:00 UTC	20000
2024-08-31	ODIHAM	v	12	2024-08-31 12:30:00 UTC	25000
2024-08-31	ODIHAM	v	13	2024-08-31 13:30:00 UTC	26000
2024-08-31	ODIHAM	v	14	2024-08-31 14:30:00 UTC	26000
2024-08-31	ODIHAM	v	15	2024-08-31 15:30:00 UTC	28000
2024-08-31	ODIHAM	v	16	2024-08-31 16:30:00 UTC	25000
2024-08-31	ODIHAM	v	17	2024-08-31 17:30:00 UTC	22000
2024-08-31	ODIHAM	v	18	2024-08-31 18:30:00 UTC	18000
2024-08-31	ODIHAM	v	19	2024-08-31 19:30:00 UTC	17000
2024-08-31	ODIHAM	v	20	2024-08-31 20:30:00 UTC	17000
2024-08-31	ODIHAM	v	21	2024-08-31 21:30:00 UTC	18000
2024-08-31	ODIHAM	v	22	2024-08-31 22:30:00 UTC	18000
2024-08-31	ODIHAM	v	23	2024-08-31 23:30:00 UTC	18000
2024-09-01	ODIHAM	v	0	2024-09-01 00:30:00 UTC	16000
2024-09-01	ODIHAM	v	1	2024-09-01 01:30:00 UTC	13000
2024-09-01	ODIHAM	v	2	2024-09-01 02:30:00 UTC	11000
2024-09-01	ODIHAM	v	3	2024-09-01 03:30:00 UTC	8000
2024-09-01	ODIHAM	v	4	2024-09-01 04:30:00 UTC	7000
2024-09-01	ODIHAM	v	5	2024-09-01 05:30:00 UTC	7000
2024-09-01	ODIHAM	v	6	2024-09-01 06:30:00 UTC	7000
2024-09-01	ODIHAM	v	7	2024-09-01 07:30:00 UTC	7000
2024-09-01	ODIHAM	v	8	2024-09-01 08:30:00 UTC	10000
2024-09-01	ODIHAM	v	9	2024-09-01 09:30:00 UTC	14000
2024-09-01	ODIHAM	v	10	2024-09-01 10:30:00 UTC	21000
2024-09-01	ODIHAM	v	11	2024-09-01 11:30:00 UTC	23000
2024-09-01	ODIHAM	v	12	2024-09-01 12:30:00 UTC	24000
2024-09-01	ODIHAM	v	13	2024-09-01 13:30:00 UTC	23000
2024-09-01	ODIHAM	v	14	2024-09-01 14:30:00 UTC	27000
2024-09-01	ODIHAM	v	15	2024-09-01 15:30:00 UTC	27000
2024-09-01	ODIHAM	v	16	2024-09-01 16:30:00 UTC	30000
2024-09-01	ODIHAM	v	17	2024-09-01 17:30:00 UTC	22000
2024-09-01	ODIHAM	v	18	2024-09-01 18:30:00 UTC	21000
2024-09-01	ODIHAM	v	19	2024-09-01 19:30:00 UTC	15000
2024-09-01	ODIHAM	v	20	2024-09-01 20:30:00 UTC	9000
2024-09-01	ODIHAM	v	21	2024-09-01 21:30:00 UTC	5000
2024-09-01	ODIHAM	v	22	2024-09-01 22:30:00 UTC	4900
2024-09-01	ODIHAM	v	23	2024-09-01 23:30:00 UTC	3400
2024-09-02	ODIHAM	v	0	2024-09-02 00:30:00 UTC	2600
2024-09-02	ODIHAM	v	1	2024-09-02 01:30:00 UTC	2900
2024-09-02	ODIHAM	v	2	2024-09-02 02:30:00 UTC	2500
2024-09-02	ODIHAM	v	3	2024-09-02 03:30:00 UTC	2700
2024-09-02	ODIHAM	v	4	2024-09-02 04:30:00 UTC	2000
2024-09-02	ODIHAM	v	5	2024-09-02 05:30:00 UTC	1000
2024-09-02	ODIHAM	v	6	2024-09-02 06:30:00 UTC	2900
2024-09-02	ODIHAM	v	7	2024-09-02 07:30:00 UTC	6000
2024-09-02	ODIHAM	v	8	2024-09-02 08:30:00 UTC	6000
2024-09-02	ODIHAM	v	9	2024-09-02 09:30:00 UTC	22000
2024-09-02	ODIHAM	v	10	2024-09-02 10:30:00 UTC	8000
2024-09-02	ODIHAM	v	11	2024-09-02 11:30:00 UTC	7000
2024-09-02	ODIHAM	v	12	2024-09-02 12:30:00 UTC	21000
2024-09-02	ODIHAM	v	13	2024-09-02 13:30:00 UTC	22000
2024-09-02	ODIHAM	v	14	2024-09-02 14:30:00 UTC	45000
2024-09-02	ODIHAM	v	15	2024-09-02 15:30:00 UTC	45000
2024-09-02	ODIHAM	v	16	2024-09-02 16:30:00 UTC	55000
2024-09-02	ODIHAM	v	17	2024-09-02 17:30:00 UTC	7000
2024-08-26	ODIHAM	w	0	2024-08-26 00:30:00 UTC	8
2024-08-26	ODIHAM	w	1	2024-08-26 01:30:00 UTC	8
2024-08-26	ODIHAM	w	2	2024-08-26 02:30:00 UTC	8
2024-08-26	ODIHAM	w	3	2024-08-26 03:30:00 UTC	7
2024-08-26	ODIHAM	w	4	2024-08-26 04:30:00 UTC	11
2024-08-26	ODIHAM	w	5	2024-08-26 05:30:00 UTC	7
2024-08-26	ODIHAM	w	6	2024-08-26 06:30:00 UTC	1
2024-08-26	ODIHAM	w	7	2024-08-26 07:30:00 UTC	1
2024-08-26	ODIHAM	w	8	2024-08-26 08:30:00 UTC	1
2024-08-26	ODIHAM	w	9	2024-08-26 09:30:00 UTC	8
2024-08-26	ODIHAM	w	10	2024-08-26 10:30:00 UTC	1
2024-08-26	ODIHAM	w	11	2024-08-26 11:30:00 UTC	3
2024-08-26	ODIHAM	w	12	2024-08-26 12:30:00 UTC	3
2024-08-26	ODIHAM	w	13	2024-08-26 13:30:00 UTC	3
2024-08-26	ODIHAM	w	14	2024-08-26 14:30:00 UTC	3
2024-08-26	ODIHAM	w	15	2024-08-26 15:30:00 UTC	8
2024-08-26	ODIHAM	w	16	2024-08-26 16:30:00 UTC	3
2024-08-26	ODIHAM	w	17	2024-08-26 17:30:00 UTC	1
2024-08-26	ODIHAM	w	18	2024-08-26 18:30:00 UTC	1
2024-08-26	ODIHAM	w	19	2024-08-26 19:30:00 UTC	0
2024-08-26	ODIHAM	w	20	2024-08-26 20:30:00 UTC	0
2024-08-26	ODIHAM	w	21	2024-08-26 21:30:00 UTC	0
2024-08-26	ODIHAM	w	22	2024-08-26 22:30:00 UTC	0
2024-08-26	ODIHAM	w	23	2024-08-26 23:30:00 UTC	8
2024-08-27	ODIHAM	w	0	2024-08-27 00:30:00 UTC	8
2024-08-27	ODIHAM	w	1	2024-08-27 01:30:00 UTC	0
2024-08-27	ODIHAM	w	2	2024-08-27 02:30:00 UTC	7
2024-08-27	ODIHAM	w	3	2024-08-27 03:30:00 UTC	2
2024-08-27	ODIHAM	w	4	2024-08-27 04:30:00 UTC	8
2024-08-27	ODIHAM	w	5	2024-08-27 05:30:00 UTC	8
2024-08-27	ODIHAM	w	6	2024-08-27 06:30:00 UTC	3
2024-08-27	ODIHAM	w	7	2024-08-27 07:30:00 UTC	3
2024-08-27	ODIHAM	w	8	2024-08-27 08:30:00 UTC	1
2024-08-27	ODIHAM	w	9	2024-08-27 09:30:00 UTC	1
2024-08-27	ODIHAM	w	10	2024-08-27 10:30:00 UTC	8
2024-08-27	ODIHAM	w	11	2024-08-27 11:30:00 UTC	1
2024-08-27	ODIHAM	w	12	2024-08-27 12:30:00 UTC	3
2024-08-27	ODIHAM	w	13	2024-08-27 13:30:00 UTC	1
2024-08-27	ODIHAM	w	14	2024-08-27 14:30:00 UTC	1
2024-08-27	ODIHAM	w	15	2024-08-27 15:30:00 UTC	1
2024-08-27	ODIHAM	w	16	2024-08-27 16:30:00 UTC	1
2024-08-27	ODIHAM	w	17	2024-08-27 17:30:00 UTC	1
2024-08-27	ODIHAM	w	18	2024-08-27 18:30:00 UTC	1
2024-08-27	ODIHAM	w	19	2024-08-27 19:30:00 UTC	0
2024-08-27	ODIHAM	w	20	2024-08-27 20:30:00 UTC	0
2024-08-27	ODIHAM	w	21	2024-08-27 21:30:00 UTC	2
2024-08-27	ODIHAM	w	22	2024-08-27 22:30:00 UTC	7
2024-08-27	ODIHAM	w	23	2024-08-27 23:30:00 UTC	7
2024-08-28	ODIHAM	w	0	2024-08-28 00:30:00 UTC	7
2024-08-28	ODIHAM	w	1	2024-08-28 01:30:00 UTC	2
2024-08-28	ODIHAM	w	2	2024-08-28 02:30:00 UTC	8
2024-08-28	ODIHAM	w	3	2024-08-28 03:30:00 UTC	7
2024-08-28	ODIHAM	w	4	2024-08-28 04:30:00 UTC	2
2024-08-28	ODIHAM	w	5	2024-08-28 05:30:00 UTC	8
2024-08-28	ODIHAM	w	6	2024-08-28 06:30:00 UTC	7
2024-08-28	ODIHAM	w	7	2024-08-28 07:30:00 UTC	8
2024-08-28	ODIHAM	w	8	2024-08-28 08:30:00 UTC	8
2024-08-28	ODIHAM	w	9	2024-08-28 09:30:00 UTC	3
2024-08-28	ODIHAM	w	10	2024-08-28 10:30:00 UTC	1
2024-08-28	ODIHAM	w	11	2024-08-28 11:30:00 UTC	7
2024-08-28	ODIHAM	w	12	2024-08-28 12:30:00 UTC	1
2024-08-28	ODIHAM	w	13	2024-08-28 13:30:00 UTC	1
2024-08-28	ODIHAM	w	14	2024-08-28 14:30:00 UTC	1
2024-08-28	ODIHAM	w	15	2024-08-28 15:30:00 UTC	7
2024-08-28	ODIHAM	w	16	2024-08-28 16:30:00 UTC	3
2024-08-28	ODIHAM	w	17	2024-08-28 17:30:00 UTC	3
2024-08-28	ODIHAM	w	18	2024-08-28 18:30:00 UTC	3
2024-08-28	ODIHAM	w	19	2024-08-28 19:30:00 UTC	8
2024-08-28	ODIHAM	w	20	2024-08-28 20:30:00 UTC	8
2024-08-28	ODIHAM	w	21	2024-08-28 21:30:00 UTC	0
2024-08-28	ODIHAM	w	22	2024-08-28 22:30:00 UTC	0
2024-08-28	ODIHAM	w	23	2024-08-28 23:30:00 UTC	0
2024-08-29	ODIHAM	w	0	2024-08-29 00:30:00 UTC	0
2024-08-29	ODIHAM	w	1	2024-08-29 01:30:00 UTC	0
2024-08-29	ODIHAM	w	2	2024-08-29 02:30:00 UTC	0
2024-08-29	ODIHAM	w	3	2024-08-29 03:30:00 UTC	0
2024-08-29	ODIHAM	w	4	2024-08-29 04:30:00 UTC	0
2024-08-29	ODIHAM	w	5	2024-08-29 05:30:00 UTC	0
2024-08-29	ODIHAM	w	6	2024-08-29 06:30:00 UTC	1
2024-08-29	ODIHAM	w	7	2024-08-29 07:30:00 UTC	1
2024-08-29	ODIHAM	w	8	2024-08-29 08:30:00 UTC	1
2024-08-29	ODIHAM	w	9	2024-08-29 09:30:00 UTC	1
2024-08-29	ODIHAM	w	10	2024-08-29 10:30:00 UTC	1
2024-08-29	ODIHAM	w	11	2024-08-29 11:30:00 UTC	1
2024-08-29	ODIHAM	w	12	2024-08-29 12:30:00 UTC	1
2024-08-29	ODIHAM	w	13	2024-08-29 13:30:00 UTC	7
2024-08-29	ODIHAM	w	14	2024-08-29 14:30:00 UTC	8
2024-08-29	ODIHAM	w	15	2024-08-29 15:30:00 UTC	3
2024-08-29	ODIHAM	w	16	2024-08-29 16:30:00 UTC	8
2024-08-29	ODIHAM	w	17	2024-08-29 17:30:00 UTC	8
2024-08-29	ODIHAM	w	18	2024-08-29 18:30:00 UTC	1
2024-08-29	ODIHAM	w	19	2024-08-29 19:30:00 UTC	0
2024-08-29	ODIHAM	w	20	2024-08-29 20:30:00 UTC	0
2024-08-29	ODIHAM	w	21	2024-08-29 21:30:00 UTC	7
2024-08-29	ODIHAM	w	22	2024-08-29 22:30:00 UTC	8
2024-08-29	ODIHAM	w	23	2024-08-29 23:30:00 UTC	0
2024-08-30	ODIHAM	w	0	2024-08-30 00:30:00 UTC	0
2024-08-30	ODIHAM	w	1	2024-08-30 01:30:00 UTC	0
2024-08-30	ODIHAM	w	2	2024-08-30 02:30:00 UTC	8
2024-08-30	ODIHAM	w	3	2024-08-30 03:30:00 UTC	8
2024-08-30	ODIHAM	w	4	2024-08-30 04:30:00 UTC	5
2024-08-30	ODIHAM	w	5	2024-08-30 05:30:00 UTC	5
2024-08-30	ODIHAM	w	6	2024-08-30 06:30:00 UTC	5
2024-08-30	ODIHAM	w	7	2024-08-30 07:30:00 UTC	5
2024-08-30	ODIHAM	w	8	2024-08-30 08:30:00 UTC	1
2024-08-30	ODIHAM	w	9	2024-08-30 09:30:00 UTC	1
2024-08-30	ODIHAM	w	10	2024-08-30 10:30:00 UTC	1
2024-08-30	ODIHAM	w	11	2024-08-30 11:30:00 UTC	1
2024-08-30	ODIHAM	w	12	2024-08-30 12:30:00 UTC	1
2024-08-30	ODIHAM	w	13	2024-08-30 13:30:00 UTC	1
2024-08-30	ODIHAM	w	14	2024-08-30 14:30:00 UTC	1
2024-08-30	ODIHAM	w	15	2024-08-30 15:30:00 UTC	1
2024-08-30	ODIHAM	w	16	2024-08-30 16:30:00 UTC	1
2024-08-30	ODIHAM	w	17	2024-08-30 17:30:00 UTC	7
2024-08-30	ODIHAM	w	18	2024-08-30 18:30:00 UTC	1
2024-08-30	ODIHAM	w	19	2024-08-30 19:30:00 UTC	0
2024-08-30	ODIHAM	w	20	2024-08-30 20:30:00 UTC	0
2024-08-30	ODIHAM	w	21	2024-08-30 21:30:00 UTC	0
2024-08-30	ODIHAM	w	22	2024-08-30 22:30:00 UTC	0
2024-08-30	ODIHAM	w	23	2024-08-30 23:30:00 UTC	0
2024-08-31	ODIHAM	w	0	2024-08-31 00:30:00 UTC	7
2024-08-31	ODIHAM	w	1	2024-08-31 01:30:00 UTC	8
2024-08-31	ODIHAM	w	2	2024-08-31 02:30:00 UTC	0
2024-08-31	ODIHAM	w	3	2024-08-31 03:30:00 UTC	7
2024-08-31	ODIHAM	w	4	2024-08-31 04:30:00 UTC	2
2024-08-31	ODIHAM	w	5	2024-08-31 05:30:00 UTC	8
2024-08-31	ODIHAM	w	6	2024-08-31 06:30:00 UTC	5
2024-08-31	ODIHAM	w	7	2024-08-31 07:30:00 UTC	8
2024-08-31	ODIHAM	w	8	2024-08-31 08:30:00 UTC	8
2024-08-31	ODIHAM	w	9	2024-08-31 09:30:00 UTC	11
2024-08-31	ODIHAM	w	10	2024-08-31 10:30:00 UTC	8
2024-08-31	ODIHAM	w	11	2024-08-31 11:30:00 UTC	8
2024-08-31	ODIHAM	w	12	2024-08-31 12:30:00 UTC	8
2024-08-31	ODIHAM	w	13	2024-08-31 13:30:00 UTC	8
2024-08-31	ODIHAM	w	14	2024-08-31 14:30:00 UTC	8
2024-08-31	ODIHAM	w	15	2024-08-31 15:30:00 UTC	8
2024-08-31	ODIHAM	w	16	2024-08-31 16:30:00 UTC	8
2024-08-31	ODIHAM	w	17	2024-08-31 17:30:00 UTC	8
2024-08-31	ODIHAM	w	18	2024-08-31 18:30:00 UTC	8
2024-08-31	ODIHAM	w	19	2024-08-31 19:30:00 UTC	8
2024-08-31	ODIHAM	w	20	2024-08-31 20:30:00 UTC	8
2024-08-31	ODIHAM	w	21	2024-08-31 21:30:00 UTC	8
2024-08-31	ODIHAM	w	22	2024-08-31 22:30:00 UTC	8
2024-08-31	ODIHAM	w	23	2024-08-31 23:30:00 UTC	8
2024-09-01	ODIHAM	w	0	2024-09-01 00:30:00 UTC	2
2024-09-01	ODIHAM	w	1	2024-09-01 01:30:00 UTC	0
2024-09-01	ODIHAM	w	2	2024-09-01 02:30:00 UTC	0
2024-09-01	ODIHAM	w	3	2024-09-01 03:30:00 UTC	5
2024-09-01	ODIHAM	w	4	2024-09-01 04:30:00 UTC	5
2024-09-01	ODIHAM	w	5	2024-09-01 05:30:00 UTC	5
2024-09-01	ODIHAM	w	6	2024-09-01 06:30:00 UTC	5
2024-09-01	ODIHAM	w	7	2024-09-01 07:30:00 UTC	5
2024-09-01	ODIHAM	w	8	2024-09-01 08:30:00 UTC	5
2024-09-01	ODIHAM	w	9	2024-09-01 09:30:00 UTC	7
2024-09-01	ODIHAM	w	10	2024-09-01 10:30:00 UTC	1
2024-09-01	ODIHAM	w	11	2024-09-01 11:30:00 UTC	1
2024-09-01	ODIHAM	w	12	2024-09-01 12:30:00 UTC	1
2024-09-01	ODIHAM	w	13	2024-09-01 13:30:00 UTC	3
2024-09-01	ODIHAM	w	14	2024-09-01 14:30:00 UTC	1
2024-09-01	ODIHAM	w	15	2024-09-01 15:30:00 UTC	1
2024-09-01	ODIHAM	w	16	2024-09-01 16:30:00 UTC	8
2024-09-01	ODIHAM	w	17	2024-09-01 17:30:00 UTC	3
2024-09-01	ODIHAM	w	18	2024-09-01 18:30:00 UTC	8
2024-09-01	ODIHAM	w	19	2024-09-01 19:30:00 UTC	0
2024-09-01	ODIHAM	w	20	2024-09-01 20:30:00 UTC	5
2024-09-01	ODIHAM	w	21	2024-09-01 21:30:00 UTC	5
2024-09-01	ODIHAM	w	22	2024-09-01 22:30:00 UTC	5
2024-09-01	ODIHAM	w	23	2024-09-01 23:30:00 UTC	5
2024-09-02	ODIHAM	w	0	2024-09-02 00:30:00 UTC	5
2024-09-02	ODIHAM	w	1	2024-09-02 01:30:00 UTC	5
2024-09-02	ODIHAM	w	2	2024-09-02 02:30:00 UTC	5
2024-09-02	ODIHAM	w	3	2024-09-02 03:30:00 UTC	5
2024-09-02	ODIHAM	w	4	2024-09-02 04:30:00 UTC	5
2024-09-02	ODIHAM	w	5	2024-09-02 05:30:00 UTC	11
2024-09-02	ODIHAM	w	6	2024-09-02 06:30:00 UTC	11
2024-09-02	ODIHAM	w	7	2024-09-02 07:30:00 UTC	11
2024-09-02	ODIHAM	w	8	2024-09-02 08:30:00 UTC	8
2024-09-02	ODIHAM	w	9	2024-09-02 09:30:00 UTC	8
2024-09-02	ODIHAM	w	10	2024-09-02 10:30:00 UTC	8
2024-09-02	ODIHAM	w	11	2024-09-02 11:30:00 UTC	8
2024-09-02	ODIHAM	w	12	2024-09-02 12:30:00 UTC	8
2024-09-02	ODIHAM	w	13	2024-09-02 13:30:00 UTC	8
2024-09-02	ODIHAM	w	14	2024-09-02 14:30:00 UTC	8
2024-09-02	ODIHAM	w	15	2024-09-02 15:30:00 UTC	8
2024-09-02	ODIHAM	w	16	2024-09-02 16:30:00 UTC	8
2024-09-02	ODIHAM	w	17	2024-09-02 17:30:00 UTC	8
